"roundNumber","roundTitle","questionText","option1","option2","option3","option4","correctAnswer","explanation","points"
"1","Cortex-M Boot Vector Redirection (ID: 101)","### [R1] Cortex-M Boot Vector Redirection (ID: 101)

[Hardware Security / Firmware Engineering]

During a firmware audit of a custom STM32-based robotic controller, you locate the Vector Table offset register (`VTOR`) at `0xE000ED08`. If the `VTOR` is reprogrammed to point to `0x20000000` (SRAM), which of the following is true regarding how the processor handles the next hardware reset or interrupt vector fetch?

*Question Reference Code: HW-R1-Q1*","The MCU fetches the initial Stack Pointer (SP) from 0x20000000 and the Reset Handler address from 0x20000004.","The MCU will trigger a HardFault immediately as SRAM execution is hardware-disabled.","Only software interrupts (SVCall) are redirected; hardware interrupts continue fetching from Flash at 0x08000000.","VTOR can only point to Flash address ranges; setting it to 0x20000000 triggers an instant bus locking error.","The MCU fetches the initial Stack Pointer (SP) from 0x20000000 and the Reset Handler address from 0x20000004.","On ARM Cortex-M processors, the vector table resides at the memory location specified by the VTOR register. The first entry (offset 0x0) represents the initial Stack Pointer value, and the second entry (offset 0x4) is the address of the Reset Handler. Reprogramming VTOR to SRAM (0x20000000) causes the processor to fetch these values from SRAM upon reset.","20"
"1","ARM Cortex-M Thumb State Bit (ID: 102)","### [R1] ARM Cortex-M Thumb State Bit (ID: 102)

[Hardware Security / Firmware Engineering]

You are analyzing a disassembled firmware image of an autonomous drone arm. You find the target function address in memory is `0x080012A4`. When constructing a return-oriented programming (ROP) exploit payload to redirect the program counter (`PC`) to this address, what must be the value of the Least Significant Bit (LSB) of the target address, and why?

*Question Reference Code: HW-R1-Q2*","The LSB must be set to 1 (0x080012A5) to maintain the processor's Thumb execution state.","The LSB must be set to 0 (0x080012A4) because ARM instructions must always be 32-bit aligned.","The LSB must be set to 1 (0x080012A5) to signal a secure state transition under TrustZone.","The LSB must be set to 0 (0x080012A4) to force the processor into native 32-bit ARM instruction mode.","The LSB must be set to 1 (0x080012A5) to maintain the processor's Thumb execution state.","ARM Cortex-M processors only support the Thumb instruction set state. Branching to an address with the LSB set to 0 causes the processor to attempt executing in ARM state, which triggers a HardFault (specifically an INVSTATE UsageFault). The LSB must be 1 to preserve Thumb state.","20"
"1","FreeRTOS Stack Overflow Detection Mechanisms (ID: 103)","### [R1] FreeRTOS Stack Overflow Detection Mechanisms (ID: 103)

[Hardware Security / Firmware Engineering]

In a FreeRTOS-based robotic control firmware, you set `configCHECK_FOR_STACK_OVERFLOW` to `2`. How does the RTOS kernel detect that a stack overflow has occurred during a context switch?

*Question Reference Code: HW-R1-Q3*","It checks if the last 16 bytes of the task stack still contain the specific dummy signature byte 0xA5.","It continuously monitors the Stack Pointer (SP) register via hardware watchpoint registers.","It compares the current Stack Pointer against the limit address stored in the MPU (Memory Protection Unit) region.","It checks if the Task Control Block (TCB) size matches the allocated stack bounds on every timer tick.","It checks if the last 16 bytes of the task stack still contain the specific dummy signature byte 0xA5.","Under FreeRTOS stack overflow detection method 2, the stack is filled with a known pattern (0xA5) when the task is created. The context switch checks if the last 16 bytes of the stack have been overwritten (i.e., no longer contain 0xA5), indicating a stack overflow.","15"
"1","JTAG Read-Out Protection (ROP) Levels (ID: 104)","### [R1] JTAG Read-Out Protection (ROP) Levels (ID: 104)

[Hardware Security / Firmware Engineering]

An STM32 microcontroller is secured with Read-Out Protection Level 1 (ROP L1). Which of the following describes the access capability of an attacker connecting via JTAG/SWD debuggers?

*Question Reference Code: HW-R1-Q4*","They can access SRAM and registers, but any attempt to read Flash memory will trigger a hardware protection fault.","They can perform a full read of Flash, but writing or erasing sectors requires ROP L0 downgrade.","All debug access is entirely disabled; any JTAG communication results in an automatic mass erase of Flash.","They can read Flash, but SRAM is fully isolated and zeroed out.","They can access SRAM and registers, but any attempt to read Flash memory will trigger a hardware protection fault.","At ROP Level 1, debug access is active but Flash memory access is blocked. Debuggers can read/write SRAM and peripheral registers. If a downgrade to Level 0 is attempted, the MCU automatically executes a Mass Erase of the entire Flash to prevent data leakage.","20"
"1","UART Sniffing Baud Rate Calculation (ID: 105)","### [R1] UART Sniffing Baud Rate Calculation (ID: 105)

[Hardware Security / Firmware Engineering]

During a physical penetration test of a robotic system, you capture a square wave telemetry stream on an unknown UART RX line using a logic analyzer. The shortest high or low pulse measured is exactly `8.68 microseconds`. What baud rate is this UART interface utilizing?

*Question Reference Code: HW-R1-Q5*","115200 bps","9600 bps","57600 bps","19200 bps","115200 bps","In UART communication, the shortest pulse width represents a single bit period (Bit Time). Baud Rate = 1 / Bit Time. Here, Bit Time = 8.68 microseconds = 0.00000868 seconds. 1 / 0.00000868 ≈ 115207 bps, which corresponds to the standard baud rate of 115200 bps.","10"
"1","AVR MCU EEPROM Dump Analysis (ID: 106)","### [R1] AVR MCU EEPROM Dump Analysis (ID: 106)

[Hardware Security / Firmware Engineering]

You obtain an EEPROM dump from an ATmega328P controller. You find the following hex string at offset `0x10`: `0x48 0x65 0x78 0x5F 0x50 0x61 0x73 0x73`. What is the ASCII representation of this stored parameter?

*Question Reference Code: HW-R1-Q6*","Hex_Pass","Security","Key_Data","RootAdmin","Hex_Pass","Converting the hex bytes to ASCII characters: 0x48 = 'H', 0x65 = 'e', 0x78 = 'x', 0x5F = '_', 0x50 = 'P', 0x61 = 'a', 0x73 = 's', 0x73 = 's'. Together they form the string 'Hex_Pass'.","10"
"1","CAN Bus Bit Stuffing Vulnerability (ID: 107)","### [R1] CAN Bus Bit Stuffing Vulnerability (ID: 107)

[Hardware Security / Firmware Engineering]

In the CAN 2.0B protocol, bit stuffing is used to maintain synchronization. After how many consecutive bits of the same polarity does the transmitter automatically inject a bit of opposite polarity?

*Question Reference Code: HW-R1-Q7*","5 bits","6 bits","8 bits","4 bits","5 bits","CAN bus protocols use bit stuffing to guarantee enough signal transitions for receiver synchronization. The transmitter inserts an opposite polarity bit after 5 consecutive bits of identical state.","10"
"1","Firmware Signature Bypass via Hash Collision (ID: 108)","### [R1] Firmware Signature Bypass via Hash Collision (ID: 108)

[Hardware Security / Firmware Engineering]

A robot's secure bootloader verifies the integrity of incoming firmware using SHA-1 hashing. Which cryptographic vulnerability makes this design susceptible to unauthorized firmware execution?

*Question Reference Code: HW-R1-Q8*","Collision attacks allow two different files to produce the same SHA-1 hash, enabling signed malware.","SHA-1 suffers from length-extension vulnerabilities that allow key recovery.","SHA-1 is highly susceptible to differential power analysis (DPA) side-channels.","SHA-1 has a small key space that makes it vulnerable to brute force.","Collision attacks allow two different files to produce the same SHA-1 hash, enabling signed malware.","SHA-1 is cryptographically broken due to practical collision attacks. An attacker can construct a benign signed firmware and an adversarial malicious firmware that produce the exact same SHA-1 hash, bypassing secure boot verification.","15"
"1","SPI Flash Dual/Quad I/O Sniffing (ID: 109)","### [R1] SPI Flash Dual/Quad I/O Sniffing (ID: 109)

[Hardware Security / Firmware Engineering]

You are capturing communications between a host processor and an external SPI Flash memory. If the processor switches the Flash interface to 'Quad I/O SPI Mode', how many physical data lines are active during data transmission?

*Question Reference Code: HW-R1-Q9*","4 data lines (SI/SIO0, SO/SIO1, WP/SIO2, HOLD/SIO3)","2 data lines (MISO and MOSI)","8 parallel address lines","1 bidirectional high-speed line","4 data lines (SI/SIO0, SO/SIO1, WP/SIO2, HOLD/SIO3)","Quad SPI replaces the standard single MOSI/MISO pins with four bidirectional I/O data lines (SIO0, SIO1, SIO2, SIO3) by repurposing the Write Protect (WP) and Hold (HOLD) lines, quadrupling the throughput.","15"
"1","Clock Glitching Attack Objective (ID: 1010)","### [R1] Clock Glitching Attack Objective (ID: 1010)

[Hardware Security / Firmware Engineering]

An attacker injects an ultra-short clock pulse (glitch) into a microchip's clock line. What physical behavior inside the target microcontroller's instruction pipeline is the attacker trying to induce?

*Question Reference Code: HW-R1-Q10*","To prevent registers from latching new values, causing instructions (like branches or checks) to be skipped.","To permanently physically burn out the secure fuse registers.","To reverse the polarity of the program counter (PC) address decoder.","To cause an automatic factory reset of the flash controller.","To prevent registers from latching new values, causing instructions (like branches or checks) to be skipped.","By shortening the clock cycle, the chip's internal logic doesn't have enough setup time to stabilize before the next clock edge. This prevents registers or the program counter from updating correctly, which typically causes the processor to skip conditional branches or loop checks.","20"
"1","Cortex-M Boot Vector Redirection (ID: 1011)","### [R1] Cortex-M Boot Vector Redirection (ID: 1011)

[Hardware Security / Firmware Engineering]

During a firmware audit of a custom STM32-based robotic controller, you locate the Vector Table offset register (`VTOR`) at `0xE000ED08`. If the `VTOR` is reprogrammed to point to `0x20000000` (SRAM), which of the following is true regarding how the processor handles the next hardware reset or interrupt vector fetch?

*Question Reference Code: HW-R1-Q11*","The MCU fetches the initial Stack Pointer (SP) from 0x20000000 and the Reset Handler address from 0x20000004.","The MCU will trigger a HardFault immediately as SRAM execution is hardware-disabled.","Only software interrupts (SVCall) are redirected; hardware interrupts continue fetching from Flash at 0x08000000.","VTOR can only point to Flash address ranges; setting it to 0x20000000 triggers an instant bus locking error.","The MCU fetches the initial Stack Pointer (SP) from 0x20000000 and the Reset Handler address from 0x20000004.","On ARM Cortex-M processors, the vector table resides at the memory location specified by the VTOR register. The first entry (offset 0x0) represents the initial Stack Pointer value, and the second entry (offset 0x4) is the address of the Reset Handler. Reprogramming VTOR to SRAM (0x20000000) causes the processor to fetch these values from SRAM upon reset.","20"
"1","ARM Cortex-M Thumb State Bit (ID: 1012)","### [R1] ARM Cortex-M Thumb State Bit (ID: 1012)

[Hardware Security / Firmware Engineering]

You are analyzing a disassembled firmware image of an autonomous drone arm. You find the target function address in memory is `0x080012A4`. When constructing a return-oriented programming (ROP) exploit payload to redirect the program counter (`PC`) to this address, what must be the value of the Least Significant Bit (LSB) of the target address, and why?

*Question Reference Code: HW-R1-Q12*","The LSB must be set to 1 (0x080012A5) to maintain the processor's Thumb execution state.","The LSB must be set to 0 (0x080012A4) because ARM instructions must always be 32-bit aligned.","The LSB must be set to 1 (0x080012A5) to signal a secure state transition under TrustZone.","The LSB must be set to 0 (0x080012A4) to force the processor into native 32-bit ARM instruction mode.","The LSB must be set to 1 (0x080012A5) to maintain the processor's Thumb execution state.","ARM Cortex-M processors only support the Thumb instruction set state. Branching to an address with the LSB set to 0 causes the processor to attempt executing in ARM state, which triggers a HardFault (specifically an INVSTATE UsageFault). The LSB must be 1 to preserve Thumb state.","20"
"1","FreeRTOS Stack Overflow Detection Mechanisms (ID: 1013)","### [R1] FreeRTOS Stack Overflow Detection Mechanisms (ID: 1013)

[Hardware Security / Firmware Engineering]

In a FreeRTOS-based robotic control firmware, you set `configCHECK_FOR_STACK_OVERFLOW` to `2`. How does the RTOS kernel detect that a stack overflow has occurred during a context switch?

*Question Reference Code: HW-R1-Q13*","It checks if the last 16 bytes of the task stack still contain the specific dummy signature byte 0xA5.","It continuously monitors the Stack Pointer (SP) register via hardware watchpoint registers.","It compares the current Stack Pointer against the limit address stored in the MPU (Memory Protection Unit) region.","It checks if the Task Control Block (TCB) size matches the allocated stack bounds on every timer tick.","It checks if the last 16 bytes of the task stack still contain the specific dummy signature byte 0xA5.","Under FreeRTOS stack overflow detection method 2, the stack is filled with a known pattern (0xA5) when the task is created. The context switch checks if the last 16 bytes of the stack have been overwritten (i.e., no longer contain 0xA5), indicating a stack overflow.","15"
"1","JTAG Read-Out Protection (ROP) Levels (ID: 1014)","### [R1] JTAG Read-Out Protection (ROP) Levels (ID: 1014)

[Hardware Security / Firmware Engineering]

An STM32 microcontroller is secured with Read-Out Protection Level 1 (ROP L1). Which of the following describes the access capability of an attacker connecting via JTAG/SWD debuggers?

*Question Reference Code: HW-R1-Q14*","They can access SRAM and registers, but any attempt to read Flash memory will trigger a hardware protection fault.","They can perform a full read of Flash, but writing or erasing sectors requires ROP L0 downgrade.","All debug access is entirely disabled; any JTAG communication results in an automatic mass erase of Flash.","They can read Flash, but SRAM is fully isolated and zeroed out.","They can access SRAM and registers, but any attempt to read Flash memory will trigger a hardware protection fault.","At ROP Level 1, debug access is active but Flash memory access is blocked. Debuggers can read/write SRAM and peripheral registers. If a downgrade to Level 0 is attempted, the MCU automatically executes a Mass Erase of the entire Flash to prevent data leakage.","20"
"1","UART Sniffing Baud Rate Calculation (ID: 1015)","### [R1] UART Sniffing Baud Rate Calculation (ID: 1015)

[Hardware Security / Firmware Engineering]

During a physical penetration test of a robotic system, you capture a square wave telemetry stream on an unknown UART RX line using a logic analyzer. The shortest high or low pulse measured is exactly `8.68 microseconds`. What baud rate is this UART interface utilizing?

*Question Reference Code: HW-R1-Q15*","115200 bps","9600 bps","57600 bps","19200 bps","115200 bps","In UART communication, the shortest pulse width represents a single bit period (Bit Time). Baud Rate = 1 / Bit Time. Here, Bit Time = 8.68 microseconds = 0.00000868 seconds. 1 / 0.00000868 ≈ 115207 bps, which corresponds to the standard baud rate of 115200 bps.","10"
"1","AVR MCU EEPROM Dump Analysis (ID: 1016)","### [R1] AVR MCU EEPROM Dump Analysis (ID: 1016)

[Hardware Security / Firmware Engineering]

You obtain an EEPROM dump from an ATmega328P controller. You find the following hex string at offset `0x10`: `0x48 0x65 0x78 0x5F 0x50 0x61 0x73 0x73`. What is the ASCII representation of this stored parameter?

*Question Reference Code: HW-R1-Q16*","Hex_Pass","Security","Key_Data","RootAdmin","Hex_Pass","Converting the hex bytes to ASCII characters: 0x48 = 'H', 0x65 = 'e', 0x78 = 'x', 0x5F = '_', 0x50 = 'P', 0x61 = 'a', 0x73 = 's', 0x73 = 's'. Together they form the string 'Hex_Pass'.","10"
"1","CAN Bus Bit Stuffing Vulnerability (ID: 1017)","### [R1] CAN Bus Bit Stuffing Vulnerability (ID: 1017)

[Hardware Security / Firmware Engineering]

In the CAN 2.0B protocol, bit stuffing is used to maintain synchronization. After how many consecutive bits of the same polarity does the transmitter automatically inject a bit of opposite polarity?

*Question Reference Code: HW-R1-Q17*","5 bits","6 bits","8 bits","4 bits","5 bits","CAN bus protocols use bit stuffing to guarantee enough signal transitions for receiver synchronization. The transmitter inserts an opposite polarity bit after 5 consecutive bits of identical state.","10"
"1","Firmware Signature Bypass via Hash Collision (ID: 1018)","### [R1] Firmware Signature Bypass via Hash Collision (ID: 1018)

[Hardware Security / Firmware Engineering]

A robot's secure bootloader verifies the integrity of incoming firmware using SHA-1 hashing. Which cryptographic vulnerability makes this design susceptible to unauthorized firmware execution?

*Question Reference Code: HW-R1-Q18*","Collision attacks allow two different files to produce the same SHA-1 hash, enabling signed malware.","SHA-1 suffers from length-extension vulnerabilities that allow key recovery.","SHA-1 is highly susceptible to differential power analysis (DPA) side-channels.","SHA-1 has a small key space that makes it vulnerable to brute force.","Collision attacks allow two different files to produce the same SHA-1 hash, enabling signed malware.","SHA-1 is cryptographically broken due to practical collision attacks. An attacker can construct a benign signed firmware and an adversarial malicious firmware that produce the exact same SHA-1 hash, bypassing secure boot verification.","15"
"1","SPI Flash Dual/Quad I/O Sniffing (ID: 1019)","### [R1] SPI Flash Dual/Quad I/O Sniffing (ID: 1019)

[Hardware Security / Firmware Engineering]

You are capturing communications between a host processor and an external SPI Flash memory. If the processor switches the Flash interface to 'Quad I/O SPI Mode', how many physical data lines are active during data transmission?

*Question Reference Code: HW-R1-Q19*","4 data lines (SI/SIO0, SO/SIO1, WP/SIO2, HOLD/SIO3)","2 data lines (MISO and MOSI)","8 parallel address lines","1 bidirectional high-speed line","4 data lines (SI/SIO0, SO/SIO1, WP/SIO2, HOLD/SIO3)","Quad SPI replaces the standard single MOSI/MISO pins with four bidirectional I/O data lines (SIO0, SIO1, SIO2, SIO3) by repurposing the Write Protect (WP) and Hold (HOLD) lines, quadrupling the throughput.","15"
"1","Clock Glitching Attack Objective (ID: 1020)","### [R1] Clock Glitching Attack Objective (ID: 1020)

[Hardware Security / Firmware Engineering]

An attacker injects an ultra-short clock pulse (glitch) into a microchip's clock line. What physical behavior inside the target microcontroller's instruction pipeline is the attacker trying to induce?

*Question Reference Code: HW-R1-Q20*","To prevent registers from latching new values, causing instructions (like branches or checks) to be skipped.","To permanently physically burn out the secure fuse registers.","To reverse the polarity of the program counter (PC) address decoder.","To cause an automatic factory reset of the flash controller.","To prevent registers from latching new values, causing instructions (like branches or checks) to be skipped.","By shortening the clock cycle, the chip's internal logic doesn't have enough setup time to stabilize before the next clock edge. This prevents registers or the program counter from updating correctly, which typically causes the processor to skip conditional branches or loop checks.","20"
"1","Cortex-M Boot Vector Redirection (ID: 1021)","### [R1] Cortex-M Boot Vector Redirection (ID: 1021)

[Hardware Security / Firmware Engineering]

During a firmware audit of a custom STM32-based robotic controller, you locate the Vector Table offset register (`VTOR`) at `0xE000ED08`. If the `VTOR` is reprogrammed to point to `0x20000000` (SRAM), which of the following is true regarding how the processor handles the next hardware reset or interrupt vector fetch?

*Question Reference Code: HW-R1-Q21*","The MCU fetches the initial Stack Pointer (SP) from 0x20000000 and the Reset Handler address from 0x20000004.","The MCU will trigger a HardFault immediately as SRAM execution is hardware-disabled.","Only software interrupts (SVCall) are redirected; hardware interrupts continue fetching from Flash at 0x08000000.","VTOR can only point to Flash address ranges; setting it to 0x20000000 triggers an instant bus locking error.","The MCU fetches the initial Stack Pointer (SP) from 0x20000000 and the Reset Handler address from 0x20000004.","On ARM Cortex-M processors, the vector table resides at the memory location specified by the VTOR register. The first entry (offset 0x0) represents the initial Stack Pointer value, and the second entry (offset 0x4) is the address of the Reset Handler. Reprogramming VTOR to SRAM (0x20000000) causes the processor to fetch these values from SRAM upon reset.","20"
"1","ARM Cortex-M Thumb State Bit (ID: 1022)","### [R1] ARM Cortex-M Thumb State Bit (ID: 1022)

[Hardware Security / Firmware Engineering]

You are analyzing a disassembled firmware image of an autonomous drone arm. You find the target function address in memory is `0x080012A4`. When constructing a return-oriented programming (ROP) exploit payload to redirect the program counter (`PC`) to this address, what must be the value of the Least Significant Bit (LSB) of the target address, and why?

*Question Reference Code: HW-R1-Q22*","The LSB must be set to 1 (0x080012A5) to maintain the processor's Thumb execution state.","The LSB must be set to 0 (0x080012A4) because ARM instructions must always be 32-bit aligned.","The LSB must be set to 1 (0x080012A5) to signal a secure state transition under TrustZone.","The LSB must be set to 0 (0x080012A4) to force the processor into native 32-bit ARM instruction mode.","The LSB must be set to 1 (0x080012A5) to maintain the processor's Thumb execution state.","ARM Cortex-M processors only support the Thumb instruction set state. Branching to an address with the LSB set to 0 causes the processor to attempt executing in ARM state, which triggers a HardFault (specifically an INVSTATE UsageFault). The LSB must be 1 to preserve Thumb state.","20"
"1","FreeRTOS Stack Overflow Detection Mechanisms (ID: 1023)","### [R1] FreeRTOS Stack Overflow Detection Mechanisms (ID: 1023)

[Hardware Security / Firmware Engineering]

In a FreeRTOS-based robotic control firmware, you set `configCHECK_FOR_STACK_OVERFLOW` to `2`. How does the RTOS kernel detect that a stack overflow has occurred during a context switch?

*Question Reference Code: HW-R1-Q23*","It checks if the last 16 bytes of the task stack still contain the specific dummy signature byte 0xA5.","It continuously monitors the Stack Pointer (SP) register via hardware watchpoint registers.","It compares the current Stack Pointer against the limit address stored in the MPU (Memory Protection Unit) region.","It checks if the Task Control Block (TCB) size matches the allocated stack bounds on every timer tick.","It checks if the last 16 bytes of the task stack still contain the specific dummy signature byte 0xA5.","Under FreeRTOS stack overflow detection method 2, the stack is filled with a known pattern (0xA5) when the task is created. The context switch checks if the last 16 bytes of the stack have been overwritten (i.e., no longer contain 0xA5), indicating a stack overflow.","15"
"1","JTAG Read-Out Protection (ROP) Levels (ID: 1024)","### [R1] JTAG Read-Out Protection (ROP) Levels (ID: 1024)

[Hardware Security / Firmware Engineering]

An STM32 microcontroller is secured with Read-Out Protection Level 1 (ROP L1). Which of the following describes the access capability of an attacker connecting via JTAG/SWD debuggers?

*Question Reference Code: HW-R1-Q24*","They can access SRAM and registers, but any attempt to read Flash memory will trigger a hardware protection fault.","They can perform a full read of Flash, but writing or erasing sectors requires ROP L0 downgrade.","All debug access is entirely disabled; any JTAG communication results in an automatic mass erase of Flash.","They can read Flash, but SRAM is fully isolated and zeroed out.","They can access SRAM and registers, but any attempt to read Flash memory will trigger a hardware protection fault.","At ROP Level 1, debug access is active but Flash memory access is blocked. Debuggers can read/write SRAM and peripheral registers. If a downgrade to Level 0 is attempted, the MCU automatically executes a Mass Erase of the entire Flash to prevent data leakage.","20"
"1","UART Sniffing Baud Rate Calculation (ID: 1025)","### [R1] UART Sniffing Baud Rate Calculation (ID: 1025)

[Hardware Security / Firmware Engineering]

During a physical penetration test of a robotic system, you capture a square wave telemetry stream on an unknown UART RX line using a logic analyzer. The shortest high or low pulse measured is exactly `8.68 microseconds`. What baud rate is this UART interface utilizing?

*Question Reference Code: HW-R1-Q25*","115200 bps","9600 bps","57600 bps","19200 bps","115200 bps","In UART communication, the shortest pulse width represents a single bit period (Bit Time). Baud Rate = 1 / Bit Time. Here, Bit Time = 8.68 microseconds = 0.00000868 seconds. 1 / 0.00000868 ≈ 115207 bps, which corresponds to the standard baud rate of 115200 bps.","10"
"1","AVR MCU EEPROM Dump Analysis (ID: 1026)","### [R1] AVR MCU EEPROM Dump Analysis (ID: 1026)

[Hardware Security / Firmware Engineering]

You obtain an EEPROM dump from an ATmega328P controller. You find the following hex string at offset `0x10`: `0x48 0x65 0x78 0x5F 0x50 0x61 0x73 0x73`. What is the ASCII representation of this stored parameter?

*Question Reference Code: HW-R1-Q26*","Hex_Pass","Security","Key_Data","RootAdmin","Hex_Pass","Converting the hex bytes to ASCII characters: 0x48 = 'H', 0x65 = 'e', 0x78 = 'x', 0x5F = '_', 0x50 = 'P', 0x61 = 'a', 0x73 = 's', 0x73 = 's'. Together they form the string 'Hex_Pass'.","10"
"1","CAN Bus Bit Stuffing Vulnerability (ID: 1027)","### [R1] CAN Bus Bit Stuffing Vulnerability (ID: 1027)

[Hardware Security / Firmware Engineering]

In the CAN 2.0B protocol, bit stuffing is used to maintain synchronization. After how many consecutive bits of the same polarity does the transmitter automatically inject a bit of opposite polarity?

*Question Reference Code: HW-R1-Q27*","5 bits","6 bits","8 bits","4 bits","5 bits","CAN bus protocols use bit stuffing to guarantee enough signal transitions for receiver synchronization. The transmitter inserts an opposite polarity bit after 5 consecutive bits of identical state.","10"
"1","Firmware Signature Bypass via Hash Collision (ID: 1028)","### [R1] Firmware Signature Bypass via Hash Collision (ID: 1028)

[Hardware Security / Firmware Engineering]

A robot's secure bootloader verifies the integrity of incoming firmware using SHA-1 hashing. Which cryptographic vulnerability makes this design susceptible to unauthorized firmware execution?

*Question Reference Code: HW-R1-Q28*","Collision attacks allow two different files to produce the same SHA-1 hash, enabling signed malware.","SHA-1 suffers from length-extension vulnerabilities that allow key recovery.","SHA-1 is highly susceptible to differential power analysis (DPA) side-channels.","SHA-1 has a small key space that makes it vulnerable to brute force.","Collision attacks allow two different files to produce the same SHA-1 hash, enabling signed malware.","SHA-1 is cryptographically broken due to practical collision attacks. An attacker can construct a benign signed firmware and an adversarial malicious firmware that produce the exact same SHA-1 hash, bypassing secure boot verification.","15"
"1","SPI Flash Dual/Quad I/O Sniffing (ID: 1029)","### [R1] SPI Flash Dual/Quad I/O Sniffing (ID: 1029)

[Hardware Security / Firmware Engineering]

You are capturing communications between a host processor and an external SPI Flash memory. If the processor switches the Flash interface to 'Quad I/O SPI Mode', how many physical data lines are active during data transmission?

*Question Reference Code: HW-R1-Q29*","4 data lines (SI/SIO0, SO/SIO1, WP/SIO2, HOLD/SIO3)","2 data lines (MISO and MOSI)","8 parallel address lines","1 bidirectional high-speed line","4 data lines (SI/SIO0, SO/SIO1, WP/SIO2, HOLD/SIO3)","Quad SPI replaces the standard single MOSI/MISO pins with four bidirectional I/O data lines (SIO0, SIO1, SIO2, SIO3) by repurposing the Write Protect (WP) and Hold (HOLD) lines, quadrupling the throughput.","15"
"1","Clock Glitching Attack Objective (ID: 1030)","### [R1] Clock Glitching Attack Objective (ID: 1030)

[Hardware Security / Firmware Engineering]

An attacker injects an ultra-short clock pulse (glitch) into a microchip's clock line. What physical behavior inside the target microcontroller's instruction pipeline is the attacker trying to induce?

*Question Reference Code: HW-R1-Q30*","To prevent registers from latching new values, causing instructions (like branches or checks) to be skipped.","To permanently physically burn out the secure fuse registers.","To reverse the polarity of the program counter (PC) address decoder.","To cause an automatic factory reset of the flash controller.","To prevent registers from latching new values, causing instructions (like branches or checks) to be skipped.","By shortening the clock cycle, the chip's internal logic doesn't have enough setup time to stabilize before the next clock edge. This prevents registers or the program counter from updating correctly, which typically causes the processor to skip conditional branches or loop checks.","20"
"1","Cortex-M Boot Vector Redirection (ID: 1031)","### [R1] Cortex-M Boot Vector Redirection (ID: 1031)

[Hardware Security / Firmware Engineering]

During a firmware audit of a custom STM32-based robotic controller, you locate the Vector Table offset register (`VTOR`) at `0xE000ED08`. If the `VTOR` is reprogrammed to point to `0x20000000` (SRAM), which of the following is true regarding how the processor handles the next hardware reset or interrupt vector fetch?

*Question Reference Code: HW-R1-Q31*","The MCU fetches the initial Stack Pointer (SP) from 0x20000000 and the Reset Handler address from 0x20000004.","The MCU will trigger a HardFault immediately as SRAM execution is hardware-disabled.","Only software interrupts (SVCall) are redirected; hardware interrupts continue fetching from Flash at 0x08000000.","VTOR can only point to Flash address ranges; setting it to 0x20000000 triggers an instant bus locking error.","The MCU fetches the initial Stack Pointer (SP) from 0x20000000 and the Reset Handler address from 0x20000004.","On ARM Cortex-M processors, the vector table resides at the memory location specified by the VTOR register. The first entry (offset 0x0) represents the initial Stack Pointer value, and the second entry (offset 0x4) is the address of the Reset Handler. Reprogramming VTOR to SRAM (0x20000000) causes the processor to fetch these values from SRAM upon reset.","20"
"1","ARM Cortex-M Thumb State Bit (ID: 1032)","### [R1] ARM Cortex-M Thumb State Bit (ID: 1032)

[Hardware Security / Firmware Engineering]

You are analyzing a disassembled firmware image of an autonomous drone arm. You find the target function address in memory is `0x080012A4`. When constructing a return-oriented programming (ROP) exploit payload to redirect the program counter (`PC`) to this address, what must be the value of the Least Significant Bit (LSB) of the target address, and why?

*Question Reference Code: HW-R1-Q32*","The LSB must be set to 1 (0x080012A5) to maintain the processor's Thumb execution state.","The LSB must be set to 0 (0x080012A4) because ARM instructions must always be 32-bit aligned.","The LSB must be set to 1 (0x080012A5) to signal a secure state transition under TrustZone.","The LSB must be set to 0 (0x080012A4) to force the processor into native 32-bit ARM instruction mode.","The LSB must be set to 1 (0x080012A5) to maintain the processor's Thumb execution state.","ARM Cortex-M processors only support the Thumb instruction set state. Branching to an address with the LSB set to 0 causes the processor to attempt executing in ARM state, which triggers a HardFault (specifically an INVSTATE UsageFault). The LSB must be 1 to preserve Thumb state.","20"
"1","FreeRTOS Stack Overflow Detection Mechanisms (ID: 1033)","### [R1] FreeRTOS Stack Overflow Detection Mechanisms (ID: 1033)

[Hardware Security / Firmware Engineering]

In a FreeRTOS-based robotic control firmware, you set `configCHECK_FOR_STACK_OVERFLOW` to `2`. How does the RTOS kernel detect that a stack overflow has occurred during a context switch?

*Question Reference Code: HW-R1-Q33*","It checks if the last 16 bytes of the task stack still contain the specific dummy signature byte 0xA5.","It continuously monitors the Stack Pointer (SP) register via hardware watchpoint registers.","It compares the current Stack Pointer against the limit address stored in the MPU (Memory Protection Unit) region.","It checks if the Task Control Block (TCB) size matches the allocated stack bounds on every timer tick.","It checks if the last 16 bytes of the task stack still contain the specific dummy signature byte 0xA5.","Under FreeRTOS stack overflow detection method 2, the stack is filled with a known pattern (0xA5) when the task is created. The context switch checks if the last 16 bytes of the stack have been overwritten (i.e., no longer contain 0xA5), indicating a stack overflow.","15"
"1","JTAG Read-Out Protection (ROP) Levels (ID: 1034)","### [R1] JTAG Read-Out Protection (ROP) Levels (ID: 1034)

[Hardware Security / Firmware Engineering]

An STM32 microcontroller is secured with Read-Out Protection Level 1 (ROP L1). Which of the following describes the access capability of an attacker connecting via JTAG/SWD debuggers?

*Question Reference Code: HW-R1-Q34*","They can access SRAM and registers, but any attempt to read Flash memory will trigger a hardware protection fault.","They can perform a full read of Flash, but writing or erasing sectors requires ROP L0 downgrade.","All debug access is entirely disabled; any JTAG communication results in an automatic mass erase of Flash.","They can read Flash, but SRAM is fully isolated and zeroed out.","They can access SRAM and registers, but any attempt to read Flash memory will trigger a hardware protection fault.","At ROP Level 1, debug access is active but Flash memory access is blocked. Debuggers can read/write SRAM and peripheral registers. If a downgrade to Level 0 is attempted, the MCU automatically executes a Mass Erase of the entire Flash to prevent data leakage.","20"
"1","UART Sniffing Baud Rate Calculation (ID: 1035)","### [R1] UART Sniffing Baud Rate Calculation (ID: 1035)

[Hardware Security / Firmware Engineering]

During a physical penetration test of a robotic system, you capture a square wave telemetry stream on an unknown UART RX line using a logic analyzer. The shortest high or low pulse measured is exactly `8.68 microseconds`. What baud rate is this UART interface utilizing?

*Question Reference Code: HW-R1-Q35*","115200 bps","9600 bps","57600 bps","19200 bps","115200 bps","In UART communication, the shortest pulse width represents a single bit period (Bit Time). Baud Rate = 1 / Bit Time. Here, Bit Time = 8.68 microseconds = 0.00000868 seconds. 1 / 0.00000868 ≈ 115207 bps, which corresponds to the standard baud rate of 115200 bps.","10"
"1","AVR MCU EEPROM Dump Analysis (ID: 1036)","### [R1] AVR MCU EEPROM Dump Analysis (ID: 1036)

[Hardware Security / Firmware Engineering]

You obtain an EEPROM dump from an ATmega328P controller. You find the following hex string at offset `0x10`: `0x48 0x65 0x78 0x5F 0x50 0x61 0x73 0x73`. What is the ASCII representation of this stored parameter?

*Question Reference Code: HW-R1-Q36*","Hex_Pass","Security","Key_Data","RootAdmin","Hex_Pass","Converting the hex bytes to ASCII characters: 0x48 = 'H', 0x65 = 'e', 0x78 = 'x', 0x5F = '_', 0x50 = 'P', 0x61 = 'a', 0x73 = 's', 0x73 = 's'. Together they form the string 'Hex_Pass'.","10"
"1","CAN Bus Bit Stuffing Vulnerability (ID: 1037)","### [R1] CAN Bus Bit Stuffing Vulnerability (ID: 1037)

[Hardware Security / Firmware Engineering]

In the CAN 2.0B protocol, bit stuffing is used to maintain synchronization. After how many consecutive bits of the same polarity does the transmitter automatically inject a bit of opposite polarity?

*Question Reference Code: HW-R1-Q37*","5 bits","6 bits","8 bits","4 bits","5 bits","CAN bus protocols use bit stuffing to guarantee enough signal transitions for receiver synchronization. The transmitter inserts an opposite polarity bit after 5 consecutive bits of identical state.","10"
"1","Firmware Signature Bypass via Hash Collision (ID: 1038)","### [R1] Firmware Signature Bypass via Hash Collision (ID: 1038)

[Hardware Security / Firmware Engineering]

A robot's secure bootloader verifies the integrity of incoming firmware using SHA-1 hashing. Which cryptographic vulnerability makes this design susceptible to unauthorized firmware execution?

*Question Reference Code: HW-R1-Q38*","Collision attacks allow two different files to produce the same SHA-1 hash, enabling signed malware.","SHA-1 suffers from length-extension vulnerabilities that allow key recovery.","SHA-1 is highly susceptible to differential power analysis (DPA) side-channels.","SHA-1 has a small key space that makes it vulnerable to brute force.","Collision attacks allow two different files to produce the same SHA-1 hash, enabling signed malware.","SHA-1 is cryptographically broken due to practical collision attacks. An attacker can construct a benign signed firmware and an adversarial malicious firmware that produce the exact same SHA-1 hash, bypassing secure boot verification.","15"
"1","SPI Flash Dual/Quad I/O Sniffing (ID: 1039)","### [R1] SPI Flash Dual/Quad I/O Sniffing (ID: 1039)

[Hardware Security / Firmware Engineering]

You are capturing communications between a host processor and an external SPI Flash memory. If the processor switches the Flash interface to 'Quad I/O SPI Mode', how many physical data lines are active during data transmission?

*Question Reference Code: HW-R1-Q39*","4 data lines (SI/SIO0, SO/SIO1, WP/SIO2, HOLD/SIO3)","2 data lines (MISO and MOSI)","8 parallel address lines","1 bidirectional high-speed line","4 data lines (SI/SIO0, SO/SIO1, WP/SIO2, HOLD/SIO3)","Quad SPI replaces the standard single MOSI/MISO pins with four bidirectional I/O data lines (SIO0, SIO1, SIO2, SIO3) by repurposing the Write Protect (WP) and Hold (HOLD) lines, quadrupling the throughput.","15"
"1","Clock Glitching Attack Objective (ID: 1040)","### [R1] Clock Glitching Attack Objective (ID: 1040)

[Hardware Security / Firmware Engineering]

An attacker injects an ultra-short clock pulse (glitch) into a microchip's clock line. What physical behavior inside the target microcontroller's instruction pipeline is the attacker trying to induce?

*Question Reference Code: HW-R1-Q40*","To prevent registers from latching new values, causing instructions (like branches or checks) to be skipped.","To permanently physically burn out the secure fuse registers.","To reverse the polarity of the program counter (PC) address decoder.","To cause an automatic factory reset of the flash controller.","To prevent registers from latching new values, causing instructions (like branches or checks) to be skipped.","By shortening the clock cycle, the chip's internal logic doesn't have enough setup time to stabilize before the next clock edge. This prevents registers or the program counter from updating correctly, which typically causes the processor to skip conditional branches or loop checks.","20"
"1","Cortex-M Boot Vector Redirection (ID: 1041)","### [R1] Cortex-M Boot Vector Redirection (ID: 1041)

[Hardware Security / Firmware Engineering]

During a firmware audit of a custom STM32-based robotic controller, you locate the Vector Table offset register (`VTOR`) at `0xE000ED08`. If the `VTOR` is reprogrammed to point to `0x20000000` (SRAM), which of the following is true regarding how the processor handles the next hardware reset or interrupt vector fetch?

*Question Reference Code: HW-R1-Q41*","The MCU fetches the initial Stack Pointer (SP) from 0x20000000 and the Reset Handler address from 0x20000004.","The MCU will trigger a HardFault immediately as SRAM execution is hardware-disabled.","Only software interrupts (SVCall) are redirected; hardware interrupts continue fetching from Flash at 0x08000000.","VTOR can only point to Flash address ranges; setting it to 0x20000000 triggers an instant bus locking error.","The MCU fetches the initial Stack Pointer (SP) from 0x20000000 and the Reset Handler address from 0x20000004.","On ARM Cortex-M processors, the vector table resides at the memory location specified by the VTOR register. The first entry (offset 0x0) represents the initial Stack Pointer value, and the second entry (offset 0x4) is the address of the Reset Handler. Reprogramming VTOR to SRAM (0x20000000) causes the processor to fetch these values from SRAM upon reset.","20"
"1","ARM Cortex-M Thumb State Bit (ID: 1042)","### [R1] ARM Cortex-M Thumb State Bit (ID: 1042)

[Hardware Security / Firmware Engineering]

You are analyzing a disassembled firmware image of an autonomous drone arm. You find the target function address in memory is `0x080012A4`. When constructing a return-oriented programming (ROP) exploit payload to redirect the program counter (`PC`) to this address, what must be the value of the Least Significant Bit (LSB) of the target address, and why?

*Question Reference Code: HW-R1-Q42*","The LSB must be set to 1 (0x080012A5) to maintain the processor's Thumb execution state.","The LSB must be set to 0 (0x080012A4) because ARM instructions must always be 32-bit aligned.","The LSB must be set to 1 (0x080012A5) to signal a secure state transition under TrustZone.","The LSB must be set to 0 (0x080012A4) to force the processor into native 32-bit ARM instruction mode.","The LSB must be set to 1 (0x080012A5) to maintain the processor's Thumb execution state.","ARM Cortex-M processors only support the Thumb instruction set state. Branching to an address with the LSB set to 0 causes the processor to attempt executing in ARM state, which triggers a HardFault (specifically an INVSTATE UsageFault). The LSB must be 1 to preserve Thumb state.","20"
"1","FreeRTOS Stack Overflow Detection Mechanisms (ID: 1043)","### [R1] FreeRTOS Stack Overflow Detection Mechanisms (ID: 1043)

[Hardware Security / Firmware Engineering]

In a FreeRTOS-based robotic control firmware, you set `configCHECK_FOR_STACK_OVERFLOW` to `2`. How does the RTOS kernel detect that a stack overflow has occurred during a context switch?

*Question Reference Code: HW-R1-Q43*","It checks if the last 16 bytes of the task stack still contain the specific dummy signature byte 0xA5.","It continuously monitors the Stack Pointer (SP) register via hardware watchpoint registers.","It compares the current Stack Pointer against the limit address stored in the MPU (Memory Protection Unit) region.","It checks if the Task Control Block (TCB) size matches the allocated stack bounds on every timer tick.","It checks if the last 16 bytes of the task stack still contain the specific dummy signature byte 0xA5.","Under FreeRTOS stack overflow detection method 2, the stack is filled with a known pattern (0xA5) when the task is created. The context switch checks if the last 16 bytes of the stack have been overwritten (i.e., no longer contain 0xA5), indicating a stack overflow.","15"
"1","JTAG Read-Out Protection (ROP) Levels (ID: 1044)","### [R1] JTAG Read-Out Protection (ROP) Levels (ID: 1044)

[Hardware Security / Firmware Engineering]

An STM32 microcontroller is secured with Read-Out Protection Level 1 (ROP L1). Which of the following describes the access capability of an attacker connecting via JTAG/SWD debuggers?

*Question Reference Code: HW-R1-Q44*","They can access SRAM and registers, but any attempt to read Flash memory will trigger a hardware protection fault.","They can perform a full read of Flash, but writing or erasing sectors requires ROP L0 downgrade.","All debug access is entirely disabled; any JTAG communication results in an automatic mass erase of Flash.","They can read Flash, but SRAM is fully isolated and zeroed out.","They can access SRAM and registers, but any attempt to read Flash memory will trigger a hardware protection fault.","At ROP Level 1, debug access is active but Flash memory access is blocked. Debuggers can read/write SRAM and peripheral registers. If a downgrade to Level 0 is attempted, the MCU automatically executes a Mass Erase of the entire Flash to prevent data leakage.","20"
"1","UART Sniffing Baud Rate Calculation (ID: 1045)","### [R1] UART Sniffing Baud Rate Calculation (ID: 1045)

[Hardware Security / Firmware Engineering]

During a physical penetration test of a robotic system, you capture a square wave telemetry stream on an unknown UART RX line using a logic analyzer. The shortest high or low pulse measured is exactly `8.68 microseconds`. What baud rate is this UART interface utilizing?

*Question Reference Code: HW-R1-Q45*","115200 bps","9600 bps","57600 bps","19200 bps","115200 bps","In UART communication, the shortest pulse width represents a single bit period (Bit Time). Baud Rate = 1 / Bit Time. Here, Bit Time = 8.68 microseconds = 0.00000868 seconds. 1 / 0.00000868 ≈ 115207 bps, which corresponds to the standard baud rate of 115200 bps.","10"
"1","AVR MCU EEPROM Dump Analysis (ID: 1046)","### [R1] AVR MCU EEPROM Dump Analysis (ID: 1046)

[Hardware Security / Firmware Engineering]

You obtain an EEPROM dump from an ATmega328P controller. You find the following hex string at offset `0x10`: `0x48 0x65 0x78 0x5F 0x50 0x61 0x73 0x73`. What is the ASCII representation of this stored parameter?

*Question Reference Code: HW-R1-Q46*","Hex_Pass","Security","Key_Data","RootAdmin","Hex_Pass","Converting the hex bytes to ASCII characters: 0x48 = 'H', 0x65 = 'e', 0x78 = 'x', 0x5F = '_', 0x50 = 'P', 0x61 = 'a', 0x73 = 's', 0x73 = 's'. Together they form the string 'Hex_Pass'.","10"
"1","CAN Bus Bit Stuffing Vulnerability (ID: 1047)","### [R1] CAN Bus Bit Stuffing Vulnerability (ID: 1047)

[Hardware Security / Firmware Engineering]

In the CAN 2.0B protocol, bit stuffing is used to maintain synchronization. After how many consecutive bits of the same polarity does the transmitter automatically inject a bit of opposite polarity?

*Question Reference Code: HW-R1-Q47*","5 bits","6 bits","8 bits","4 bits","5 bits","CAN bus protocols use bit stuffing to guarantee enough signal transitions for receiver synchronization. The transmitter inserts an opposite polarity bit after 5 consecutive bits of identical state.","10"
"1","Firmware Signature Bypass via Hash Collision (ID: 1048)","### [R1] Firmware Signature Bypass via Hash Collision (ID: 1048)

[Hardware Security / Firmware Engineering]

A robot's secure bootloader verifies the integrity of incoming firmware using SHA-1 hashing. Which cryptographic vulnerability makes this design susceptible to unauthorized firmware execution?

*Question Reference Code: HW-R1-Q48*","Collision attacks allow two different files to produce the same SHA-1 hash, enabling signed malware.","SHA-1 suffers from length-extension vulnerabilities that allow key recovery.","SHA-1 is highly susceptible to differential power analysis (DPA) side-channels.","SHA-1 has a small key space that makes it vulnerable to brute force.","Collision attacks allow two different files to produce the same SHA-1 hash, enabling signed malware.","SHA-1 is cryptographically broken due to practical collision attacks. An attacker can construct a benign signed firmware and an adversarial malicious firmware that produce the exact same SHA-1 hash, bypassing secure boot verification.","15"
"1","SPI Flash Dual/Quad I/O Sniffing (ID: 1049)","### [R1] SPI Flash Dual/Quad I/O Sniffing (ID: 1049)

[Hardware Security / Firmware Engineering]

You are capturing communications between a host processor and an external SPI Flash memory. If the processor switches the Flash interface to 'Quad I/O SPI Mode', how many physical data lines are active during data transmission?

*Question Reference Code: HW-R1-Q49*","4 data lines (SI/SIO0, SO/SIO1, WP/SIO2, HOLD/SIO3)","2 data lines (MISO and MOSI)","8 parallel address lines","1 bidirectional high-speed line","4 data lines (SI/SIO0, SO/SIO1, WP/SIO2, HOLD/SIO3)","Quad SPI replaces the standard single MOSI/MISO pins with four bidirectional I/O data lines (SIO0, SIO1, SIO2, SIO3) by repurposing the Write Protect (WP) and Hold (HOLD) lines, quadrupling the throughput.","15"
"1","Clock Glitching Attack Objective (ID: 1050)","### [R1] Clock Glitching Attack Objective (ID: 1050)

[Hardware Security / Firmware Engineering]

An attacker injects an ultra-short clock pulse (glitch) into a microchip's clock line. What physical behavior inside the target microcontroller's instruction pipeline is the attacker trying to induce?

*Question Reference Code: HW-R1-Q50*","To prevent registers from latching new values, causing instructions (like branches or checks) to be skipped.","To permanently physically burn out the secure fuse registers.","To reverse the polarity of the program counter (PC) address decoder.","To cause an automatic factory reset of the flash controller.","To prevent registers from latching new values, causing instructions (like branches or checks) to be skipped.","By shortening the clock cycle, the chip's internal logic doesn't have enough setup time to stabilize before the next clock edge. This prevents registers or the program counter from updating correctly, which typically causes the processor to skip conditional branches or loop checks.","20"
"2","ROS 1 Master XML-RPC Hijacking (ID: 201)","### [R2] ROS 1 Master XML-RPC Hijacking (ID: 201)

[Wireless & Distributed Systems Network Security]

ROS 1 (Robot Operating System) relies on an unencrypted XML-RPC server running on the Master node (usually port `11311`). If an attacker gains network access to this port, which action can they perform without any authentication credentials?

*Question Reference Code: NET-R2-Q1*","They can call `registerPublisher` to hijack a command topic (like `/cmd_vel`) and control the robot.","They can decrypt the SSL traffic of ROS nodes in real-time.","They can execute shell commands directly through the XML-RPC master API.","They can force the robot's physical system to initiate a recovery reboot.","They can call `registerPublisher` to hijack a command topic (like `/cmd_vel`) and control the robot.","ROS 1 has no built-in security. Anyone with access to the master port (11311) can register as a publisher or subscriber on any topic, allowing them to inject motor/velocity commands or sniff raw sensor data.","20"
"2","ROS 2 DDS Security (SROS2) Access Policies (ID: 202)","### [R2] ROS 2 DDS Security (SROS2) Access Policies (ID: 202)

[Wireless & Distributed Systems Network Security]

Under ROS 2 security configuration (SROS2), access control is governed by which technology standard within the underlying DDS (Data Distribution Service) layer?

*Question Reference Code: NET-R2-Q2*","X.509 Certificates and PKI-based XML Access Control Permissions.","OAuth 2.0 Web Tokens and JSON Web Keys (JWK).","Kerberos v5 mutual authentication protocols.","IPsec tunnel configurations with pre-shared keys.","X.509 Certificates and PKI-based XML Access Control Permissions.","SROS2 maps ROS 2 security concepts onto the DDS Security specification. It uses X.509 certificates for identity authentication and XML permission files (signed by a CA) to enforce governance and topic-level access control.","20"
"2","BLE Replay Attack on Robotic Arm Control (ID: 203)","### [R2] BLE Replay Attack on Robotic Arm Control (ID: 203)

[Wireless & Distributed Systems Network Security]

You are analyzing Bluetooth Low Energy (BLE) control packets sent to an autonomous logistics arm. The app writes command values to a specific write-without-response GATT characteristic. If the communication lacks a rolling cryptographic nonce or challenge-response mechanism, what exploit is possible?

*Question Reference Code: NET-R2-Q3*","A simple packet replay attack where captured write payloads are re-sent to repeat the arm's movement.","A timing attack to retrieve the manufacturer's secure encryption master key.","A remote memory corruption overflow in the BLE controller via GATT descriptor tampering.","An automated firmware downgrade by changing the GAP advertising interval.","A simple packet replay attack where captured write payloads are re-sent to repeat the arm's movement.","If GATT writes are not protected by anti-replay mechanisms (such as sequence numbers, timestamps, or challenge-response hashes), any attacker can capture the raw packets using a BLE sniffer and replay them to execute identical physical operations.","15"
"2","ROSbridge WebSocket Command Injection (ID: 204)","### [R2] ROSbridge WebSocket Command Injection (ID: 204)

[Wireless & Distributed Systems Network Security]

A robotic dashboard exposes ROS 1 capabilities over WebSockets using the `rosbridge_suite` package on port `9090`. If an internal web application connects to this WebSocket and lacks input validation on user-controlled fields, what vulnerability is exposed?

*Question Reference Code: NET-R2-Q4*","Arbitrary message publishing to key command topics, bypassing standard node restrictions.","Unauthorized read-out of the host OS kernel memory (Heartbleed-style).","A physical hardware short-circuit due to WebSocket ping-pong flood.","Reverse shell execution on the host OS via WebSocket HTTP handshake payload.","Arbitrary message publishing to key command topics, bypassing standard node restrictions.","rosbridge acts as a JSON-based gate to the ROS graph. Without authentication or network isolation, any client connecting to port 9090 can send structured JSON messages to publish, subscribe, or call services, completely hijacking the robot's logic.","15"
"2","Wi-Fi Deauthentication Attack on Mobile Robots (ID: 205)","### [R2] Wi-Fi Deauthentication Attack on Mobile Robots (ID: 205)

[Wireless & Distributed Systems Network Security]

You are executing a wireless penetration test in a smart warehouse. By transmitting spoofed Wi-Fi 802.11 deauthentication frames containing the BSSID of the AP and the MAC address of an autonomous AGV, what physical impact occurs?

*Question Reference Code: NET-R2-Q5*","The AGV loses its network connection, causing its navigation node to trigger a safety emergency stop (E-Stop).","The AGV will immediately connect to a random rogue Wi-Fi access point without standard security checks.","The AGV's internal network card will burn out due to RF power amplification.","The AGV's local operating system undergoes an instant secure reboot.","The AGV loses its network connection, causing its navigation node to trigger a safety emergency stop (E-Stop).","Standard 802.11 deauth frames are unencrypted (unless 802.11w/Protected Management Frames are active). Spoofing these packets breaks the AGV's Wi-Fi link. Real-time robots typically trigger an automatic stop when their heartbeat telemetry is lost.","15"
"2","CAN Bus Arbitration Hijacking (ID: 206)","### [R2] CAN Bus Arbitration Hijacking (ID: 206)

[Wireless & Distributed Systems Network Security]

How does CAN Bus arbitration resolve a collision when two nodes attempt to transmit packets simultaneously at the exact same moment?

*Question Reference Code: NET-R2-Q6*","The packet with the lower numerical Arbitration ID wins and continues transmitting.","The packet with the higher numerical Arbitration ID wins and continues transmitting.","Both nodes immediately back off and wait for a randomized exponential back-off timer.","The CAN controller discards both packets and flags a bit stuff error.","The packet with the lower numerical Arbitration ID wins and continues transmitting.","CAN bus uses a dominant (0) and recessive (1) bit structure. The lower numerical ID has more leading zeros (dominant bits), which overwrite recessive bits from the other node on the wire. Thus, the lower ID wins arbitration.","15"
"2","DDS Discovery Spoofing (ID: 207)","### [R2] DDS Discovery Spoofing (ID: 207)

[Wireless & Distributed Systems Network Security]

In a ROS2 network that does not utilize security configurations, an attacker broadcasts fake Simple Discovery Protocol (SDP) packets. What is the tactical objective of this DDS discovery hijacking attempt?

*Question Reference Code: NET-R2-Q7*","To trick active nodes into connecting to a rogue listener, redirecting their telemetry and sensor feeds.","To execute arbitrary remote shell commands on the physical microcontroller's bootloader.","To bypass the WPA2 Enterprise authentication of the local network bridge.","To manipulate the hardware pulse-width modulation (PWM) parameters of motor controllers.","To trick active nodes into connecting to a rogue listener, redirecting their telemetry and sensor feeds.","DDS discovery operates automatically over multicast. By spoofing discovery packets, an attacker can make a rogue node appear as a legitimate publisher or subscriber, redirecting confidential camera feeds, LiDAR data, or command velocity topics.","20"
"2","Foxglove Studio WebSocket Exploitation (ID: 208)","### [R2] Foxglove Studio WebSocket Exploitation (ID: 208)

[Wireless & Distributed Systems Network Security]

If the Foxglove Studio bridge is left exposed to public networks, which of the following is a direct security hazard?

*Question Reference Code: NET-R2-Q8*","Unauthenticated remote users can read all robot parameters, active TF transforms, and publish custom velocity commands.","The hardware's secure enclave will dump its private SSH keys over the serial console.","Attackers can physically reprogram the robotic hardware's fuse register values.","Rogue nodes can overwrite the Linux kernel boot parameters.","Unauthenticated remote users can read all robot parameters, active TF transforms, and publish custom velocity commands.","Foxglove bridge exposes a WebSocket server that provides complete visualization access to the ROS network. If left unsecured, external attackers can monitor the robot's surroundings and inject control inputs.","15"
"2","ROS Parameter Server Poisoning (ID: 209)","### [R2] ROS Parameter Server Poisoning (ID: 209)

[Wireless & Distributed Systems Network Security]

An attacker performs a network write request to the ROS 1 Parameter Server API. They set `/navigation/safety_distance` to `0.0`. What is the direct physical outcome of this parameter poisoning?

*Question Reference Code: NET-R2-Q9*","The robot will no longer slow down or stop when approaching physical obstacles, leading to direct collisions.","The robot's LiDAR system will turn off physically to conserve power.","The robot's local operating system will enter a recovery loop.","The path planner will lock up and fail to generate any further trajectories.","The robot will no longer slow down or stop when approaching physical obstacles, leading to direct collisions.","The ROS Parameter Server acts as a global lookup table. Safety-critical parameters (like collision avoidance zones or emergency stop distance thresholds) are fetched here. Poisoning these parameters dynamically disables safety protocols.","15"
"2","IEEE 802.11w Protection Benefit (ID: 2010)","### [R2] IEEE 802.11w Protection Benefit (ID: 2010)

[Wireless & Distributed Systems Network Security]

Which of the following security vulnerabilities does the activation of IEEE 802.11w (Protected Management Frames) mitigate on a robotic control network?

*Question Reference Code: NET-R2-Q10*","Deauthentication and disassociation frame spoofing attacks.","Man-in-the-middle ARP spoofing attacks.","WPA3 Pre-Shared Key brute force attacks.","DDS multicast discovery hijacking.","Deauthentication and disassociation frame spoofing attacks.","IEEE 802.11w encrypts and validates wireless management frames (such as deauth and disassociation requests). This prevents attackers from spoofing these frames to knock wireless robots offline.","10"
"2","ROS 1 Master XML-RPC Hijacking (ID: 2011)","### [R2] ROS 1 Master XML-RPC Hijacking (ID: 2011)

[Wireless & Distributed Systems Network Security]

ROS 1 (Robot Operating System) relies on an unencrypted XML-RPC server running on the Master node (usually port `11311`). If an attacker gains network access to this port, which action can they perform without any authentication credentials?

*Question Reference Code: NET-R2-Q11*","They can call `registerPublisher` to hijack a command topic (like `/cmd_vel`) and control the robot.","They can decrypt the SSL traffic of ROS nodes in real-time.","They can execute shell commands directly through the XML-RPC master API.","They can force the robot's physical system to initiate a recovery reboot.","They can call `registerPublisher` to hijack a command topic (like `/cmd_vel`) and control the robot.","ROS 1 has no built-in security. Anyone with access to the master port (11311) can register as a publisher or subscriber on any topic, allowing them to inject motor/velocity commands or sniff raw sensor data.","20"
"2","ROS 2 DDS Security (SROS2) Access Policies (ID: 2012)","### [R2] ROS 2 DDS Security (SROS2) Access Policies (ID: 2012)

[Wireless & Distributed Systems Network Security]

Under ROS 2 security configuration (SROS2), access control is governed by which technology standard within the underlying DDS (Data Distribution Service) layer?

*Question Reference Code: NET-R2-Q12*","X.509 Certificates and PKI-based XML Access Control Permissions.","OAuth 2.0 Web Tokens and JSON Web Keys (JWK).","Kerberos v5 mutual authentication protocols.","IPsec tunnel configurations with pre-shared keys.","X.509 Certificates and PKI-based XML Access Control Permissions.","SROS2 maps ROS 2 security concepts onto the DDS Security specification. It uses X.509 certificates for identity authentication and XML permission files (signed by a CA) to enforce governance and topic-level access control.","20"
"2","BLE Replay Attack on Robotic Arm Control (ID: 2013)","### [R2] BLE Replay Attack on Robotic Arm Control (ID: 2013)

[Wireless & Distributed Systems Network Security]

You are analyzing Bluetooth Low Energy (BLE) control packets sent to an autonomous logistics arm. The app writes command values to a specific write-without-response GATT characteristic. If the communication lacks a rolling cryptographic nonce or challenge-response mechanism, what exploit is possible?

*Question Reference Code: NET-R2-Q13*","A simple packet replay attack where captured write payloads are re-sent to repeat the arm's movement.","A timing attack to retrieve the manufacturer's secure encryption master key.","A remote memory corruption overflow in the BLE controller via GATT descriptor tampering.","An automated firmware downgrade by changing the GAP advertising interval.","A simple packet replay attack where captured write payloads are re-sent to repeat the arm's movement.","If GATT writes are not protected by anti-replay mechanisms (such as sequence numbers, timestamps, or challenge-response hashes), any attacker can capture the raw packets using a BLE sniffer and replay them to execute identical physical operations.","15"
"2","ROSbridge WebSocket Command Injection (ID: 2014)","### [R2] ROSbridge WebSocket Command Injection (ID: 2014)

[Wireless & Distributed Systems Network Security]

A robotic dashboard exposes ROS 1 capabilities over WebSockets using the `rosbridge_suite` package on port `9090`. If an internal web application connects to this WebSocket and lacks input validation on user-controlled fields, what vulnerability is exposed?

*Question Reference Code: NET-R2-Q14*","Arbitrary message publishing to key command topics, bypassing standard node restrictions.","Unauthorized read-out of the host OS kernel memory (Heartbleed-style).","A physical hardware short-circuit due to WebSocket ping-pong flood.","Reverse shell execution on the host OS via WebSocket HTTP handshake payload.","Arbitrary message publishing to key command topics, bypassing standard node restrictions.","rosbridge acts as a JSON-based gate to the ROS graph. Without authentication or network isolation, any client connecting to port 9090 can send structured JSON messages to publish, subscribe, or call services, completely hijacking the robot's logic.","15"
"2","Wi-Fi Deauthentication Attack on Mobile Robots (ID: 2015)","### [R2] Wi-Fi Deauthentication Attack on Mobile Robots (ID: 2015)

[Wireless & Distributed Systems Network Security]

You are executing a wireless penetration test in a smart warehouse. By transmitting spoofed Wi-Fi 802.11 deauthentication frames containing the BSSID of the AP and the MAC address of an autonomous AGV, what physical impact occurs?

*Question Reference Code: NET-R2-Q15*","The AGV loses its network connection, causing its navigation node to trigger a safety emergency stop (E-Stop).","The AGV will immediately connect to a random rogue Wi-Fi access point without standard security checks.","The AGV's internal network card will burn out due to RF power amplification.","The AGV's local operating system undergoes an instant secure reboot.","The AGV loses its network connection, causing its navigation node to trigger a safety emergency stop (E-Stop).","Standard 802.11 deauth frames are unencrypted (unless 802.11w/Protected Management Frames are active). Spoofing these packets breaks the AGV's Wi-Fi link. Real-time robots typically trigger an automatic stop when their heartbeat telemetry is lost.","15"
"2","CAN Bus Arbitration Hijacking (ID: 2016)","### [R2] CAN Bus Arbitration Hijacking (ID: 2016)

[Wireless & Distributed Systems Network Security]

How does CAN Bus arbitration resolve a collision when two nodes attempt to transmit packets simultaneously at the exact same moment?

*Question Reference Code: NET-R2-Q16*","The packet with the lower numerical Arbitration ID wins and continues transmitting.","The packet with the higher numerical Arbitration ID wins and continues transmitting.","Both nodes immediately back off and wait for a randomized exponential back-off timer.","The CAN controller discards both packets and flags a bit stuff error.","The packet with the lower numerical Arbitration ID wins and continues transmitting.","CAN bus uses a dominant (0) and recessive (1) bit structure. The lower numerical ID has more leading zeros (dominant bits), which overwrite recessive bits from the other node on the wire. Thus, the lower ID wins arbitration.","15"
"2","DDS Discovery Spoofing (ID: 2017)","### [R2] DDS Discovery Spoofing (ID: 2017)

[Wireless & Distributed Systems Network Security]

In a ROS2 network that does not utilize security configurations, an attacker broadcasts fake Simple Discovery Protocol (SDP) packets. What is the tactical objective of this DDS discovery hijacking attempt?

*Question Reference Code: NET-R2-Q17*","To trick active nodes into connecting to a rogue listener, redirecting their telemetry and sensor feeds.","To execute arbitrary remote shell commands on the physical microcontroller's bootloader.","To bypass the WPA2 Enterprise authentication of the local network bridge.","To manipulate the hardware pulse-width modulation (PWM) parameters of motor controllers.","To trick active nodes into connecting to a rogue listener, redirecting their telemetry and sensor feeds.","DDS discovery operates automatically over multicast. By spoofing discovery packets, an attacker can make a rogue node appear as a legitimate publisher or subscriber, redirecting confidential camera feeds, LiDAR data, or command velocity topics.","20"
"2","Foxglove Studio WebSocket Exploitation (ID: 2018)","### [R2] Foxglove Studio WebSocket Exploitation (ID: 2018)

[Wireless & Distributed Systems Network Security]

If the Foxglove Studio bridge is left exposed to public networks, which of the following is a direct security hazard?

*Question Reference Code: NET-R2-Q18*","Unauthenticated remote users can read all robot parameters, active TF transforms, and publish custom velocity commands.","The hardware's secure enclave will dump its private SSH keys over the serial console.","Attackers can physically reprogram the robotic hardware's fuse register values.","Rogue nodes can overwrite the Linux kernel boot parameters.","Unauthenticated remote users can read all robot parameters, active TF transforms, and publish custom velocity commands.","Foxglove bridge exposes a WebSocket server that provides complete visualization access to the ROS network. If left unsecured, external attackers can monitor the robot's surroundings and inject control inputs.","15"
"2","ROS Parameter Server Poisoning (ID: 2019)","### [R2] ROS Parameter Server Poisoning (ID: 2019)

[Wireless & Distributed Systems Network Security]

An attacker performs a network write request to the ROS 1 Parameter Server API. They set `/navigation/safety_distance` to `0.0`. What is the direct physical outcome of this parameter poisoning?

*Question Reference Code: NET-R2-Q19*","The robot will no longer slow down or stop when approaching physical obstacles, leading to direct collisions.","The robot's LiDAR system will turn off physically to conserve power.","The robot's local operating system will enter a recovery loop.","The path planner will lock up and fail to generate any further trajectories.","The robot will no longer slow down or stop when approaching physical obstacles, leading to direct collisions.","The ROS Parameter Server acts as a global lookup table. Safety-critical parameters (like collision avoidance zones or emergency stop distance thresholds) are fetched here. Poisoning these parameters dynamically disables safety protocols.","15"
"2","IEEE 802.11w Protection Benefit (ID: 2020)","### [R2] IEEE 802.11w Protection Benefit (ID: 2020)

[Wireless & Distributed Systems Network Security]

Which of the following security vulnerabilities does the activation of IEEE 802.11w (Protected Management Frames) mitigate on a robotic control network?

*Question Reference Code: NET-R2-Q20*","Deauthentication and disassociation frame spoofing attacks.","Man-in-the-middle ARP spoofing attacks.","WPA3 Pre-Shared Key brute force attacks.","DDS multicast discovery hijacking.","Deauthentication and disassociation frame spoofing attacks.","IEEE 802.11w encrypts and validates wireless management frames (such as deauth and disassociation requests). This prevents attackers from spoofing these frames to knock wireless robots offline.","10"
"2","ROS 1 Master XML-RPC Hijacking (ID: 2021)","### [R2] ROS 1 Master XML-RPC Hijacking (ID: 2021)

[Wireless & Distributed Systems Network Security]

ROS 1 (Robot Operating System) relies on an unencrypted XML-RPC server running on the Master node (usually port `11311`). If an attacker gains network access to this port, which action can they perform without any authentication credentials?

*Question Reference Code: NET-R2-Q21*","They can call `registerPublisher` to hijack a command topic (like `/cmd_vel`) and control the robot.","They can decrypt the SSL traffic of ROS nodes in real-time.","They can execute shell commands directly through the XML-RPC master API.","They can force the robot's physical system to initiate a recovery reboot.","They can call `registerPublisher` to hijack a command topic (like `/cmd_vel`) and control the robot.","ROS 1 has no built-in security. Anyone with access to the master port (11311) can register as a publisher or subscriber on any topic, allowing them to inject motor/velocity commands or sniff raw sensor data.","20"
"2","ROS 2 DDS Security (SROS2) Access Policies (ID: 2022)","### [R2] ROS 2 DDS Security (SROS2) Access Policies (ID: 2022)

[Wireless & Distributed Systems Network Security]

Under ROS 2 security configuration (SROS2), access control is governed by which technology standard within the underlying DDS (Data Distribution Service) layer?

*Question Reference Code: NET-R2-Q22*","X.509 Certificates and PKI-based XML Access Control Permissions.","OAuth 2.0 Web Tokens and JSON Web Keys (JWK).","Kerberos v5 mutual authentication protocols.","IPsec tunnel configurations with pre-shared keys.","X.509 Certificates and PKI-based XML Access Control Permissions.","SROS2 maps ROS 2 security concepts onto the DDS Security specification. It uses X.509 certificates for identity authentication and XML permission files (signed by a CA) to enforce governance and topic-level access control.","20"
"2","BLE Replay Attack on Robotic Arm Control (ID: 2023)","### [R2] BLE Replay Attack on Robotic Arm Control (ID: 2023)

[Wireless & Distributed Systems Network Security]

You are analyzing Bluetooth Low Energy (BLE) control packets sent to an autonomous logistics arm. The app writes command values to a specific write-without-response GATT characteristic. If the communication lacks a rolling cryptographic nonce or challenge-response mechanism, what exploit is possible?

*Question Reference Code: NET-R2-Q23*","A simple packet replay attack where captured write payloads are re-sent to repeat the arm's movement.","A timing attack to retrieve the manufacturer's secure encryption master key.","A remote memory corruption overflow in the BLE controller via GATT descriptor tampering.","An automated firmware downgrade by changing the GAP advertising interval.","A simple packet replay attack where captured write payloads are re-sent to repeat the arm's movement.","If GATT writes are not protected by anti-replay mechanisms (such as sequence numbers, timestamps, or challenge-response hashes), any attacker can capture the raw packets using a BLE sniffer and replay them to execute identical physical operations.","15"
"2","ROSbridge WebSocket Command Injection (ID: 2024)","### [R2] ROSbridge WebSocket Command Injection (ID: 2024)

[Wireless & Distributed Systems Network Security]

A robotic dashboard exposes ROS 1 capabilities over WebSockets using the `rosbridge_suite` package on port `9090`. If an internal web application connects to this WebSocket and lacks input validation on user-controlled fields, what vulnerability is exposed?

*Question Reference Code: NET-R2-Q24*","Arbitrary message publishing to key command topics, bypassing standard node restrictions.","Unauthorized read-out of the host OS kernel memory (Heartbleed-style).","A physical hardware short-circuit due to WebSocket ping-pong flood.","Reverse shell execution on the host OS via WebSocket HTTP handshake payload.","Arbitrary message publishing to key command topics, bypassing standard node restrictions.","rosbridge acts as a JSON-based gate to the ROS graph. Without authentication or network isolation, any client connecting to port 9090 can send structured JSON messages to publish, subscribe, or call services, completely hijacking the robot's logic.","15"
"2","Wi-Fi Deauthentication Attack on Mobile Robots (ID: 2025)","### [R2] Wi-Fi Deauthentication Attack on Mobile Robots (ID: 2025)

[Wireless & Distributed Systems Network Security]

You are executing a wireless penetration test in a smart warehouse. By transmitting spoofed Wi-Fi 802.11 deauthentication frames containing the BSSID of the AP and the MAC address of an autonomous AGV, what physical impact occurs?

*Question Reference Code: NET-R2-Q25*","The AGV loses its network connection, causing its navigation node to trigger a safety emergency stop (E-Stop).","The AGV will immediately connect to a random rogue Wi-Fi access point without standard security checks.","The AGV's internal network card will burn out due to RF power amplification.","The AGV's local operating system undergoes an instant secure reboot.","The AGV loses its network connection, causing its navigation node to trigger a safety emergency stop (E-Stop).","Standard 802.11 deauth frames are unencrypted (unless 802.11w/Protected Management Frames are active). Spoofing these packets breaks the AGV's Wi-Fi link. Real-time robots typically trigger an automatic stop when their heartbeat telemetry is lost.","15"
"2","CAN Bus Arbitration Hijacking (ID: 2026)","### [R2] CAN Bus Arbitration Hijacking (ID: 2026)

[Wireless & Distributed Systems Network Security]

How does CAN Bus arbitration resolve a collision when two nodes attempt to transmit packets simultaneously at the exact same moment?

*Question Reference Code: NET-R2-Q26*","The packet with the lower numerical Arbitration ID wins and continues transmitting.","The packet with the higher numerical Arbitration ID wins and continues transmitting.","Both nodes immediately back off and wait for a randomized exponential back-off timer.","The CAN controller discards both packets and flags a bit stuff error.","The packet with the lower numerical Arbitration ID wins and continues transmitting.","CAN bus uses a dominant (0) and recessive (1) bit structure. The lower numerical ID has more leading zeros (dominant bits), which overwrite recessive bits from the other node on the wire. Thus, the lower ID wins arbitration.","15"
"2","DDS Discovery Spoofing (ID: 2027)","### [R2] DDS Discovery Spoofing (ID: 2027)

[Wireless & Distributed Systems Network Security]

In a ROS2 network that does not utilize security configurations, an attacker broadcasts fake Simple Discovery Protocol (SDP) packets. What is the tactical objective of this DDS discovery hijacking attempt?

*Question Reference Code: NET-R2-Q27*","To trick active nodes into connecting to a rogue listener, redirecting their telemetry and sensor feeds.","To execute arbitrary remote shell commands on the physical microcontroller's bootloader.","To bypass the WPA2 Enterprise authentication of the local network bridge.","To manipulate the hardware pulse-width modulation (PWM) parameters of motor controllers.","To trick active nodes into connecting to a rogue listener, redirecting their telemetry and sensor feeds.","DDS discovery operates automatically over multicast. By spoofing discovery packets, an attacker can make a rogue node appear as a legitimate publisher or subscriber, redirecting confidential camera feeds, LiDAR data, or command velocity topics.","20"
"2","Foxglove Studio WebSocket Exploitation (ID: 2028)","### [R2] Foxglove Studio WebSocket Exploitation (ID: 2028)

[Wireless & Distributed Systems Network Security]

If the Foxglove Studio bridge is left exposed to public networks, which of the following is a direct security hazard?

*Question Reference Code: NET-R2-Q28*","Unauthenticated remote users can read all robot parameters, active TF transforms, and publish custom velocity commands.","The hardware's secure enclave will dump its private SSH keys over the serial console.","Attackers can physically reprogram the robotic hardware's fuse register values.","Rogue nodes can overwrite the Linux kernel boot parameters.","Unauthenticated remote users can read all robot parameters, active TF transforms, and publish custom velocity commands.","Foxglove bridge exposes a WebSocket server that provides complete visualization access to the ROS network. If left unsecured, external attackers can monitor the robot's surroundings and inject control inputs.","15"
"2","ROS Parameter Server Poisoning (ID: 2029)","### [R2] ROS Parameter Server Poisoning (ID: 2029)

[Wireless & Distributed Systems Network Security]

An attacker performs a network write request to the ROS 1 Parameter Server API. They set `/navigation/safety_distance` to `0.0`. What is the direct physical outcome of this parameter poisoning?

*Question Reference Code: NET-R2-Q29*","The robot will no longer slow down or stop when approaching physical obstacles, leading to direct collisions.","The robot's LiDAR system will turn off physically to conserve power.","The robot's local operating system will enter a recovery loop.","The path planner will lock up and fail to generate any further trajectories.","The robot will no longer slow down or stop when approaching physical obstacles, leading to direct collisions.","The ROS Parameter Server acts as a global lookup table. Safety-critical parameters (like collision avoidance zones or emergency stop distance thresholds) are fetched here. Poisoning these parameters dynamically disables safety protocols.","15"
"2","IEEE 802.11w Protection Benefit (ID: 2030)","### [R2] IEEE 802.11w Protection Benefit (ID: 2030)

[Wireless & Distributed Systems Network Security]

Which of the following security vulnerabilities does the activation of IEEE 802.11w (Protected Management Frames) mitigate on a robotic control network?

*Question Reference Code: NET-R2-Q30*","Deauthentication and disassociation frame spoofing attacks.","Man-in-the-middle ARP spoofing attacks.","WPA3 Pre-Shared Key brute force attacks.","DDS multicast discovery hijacking.","Deauthentication and disassociation frame spoofing attacks.","IEEE 802.11w encrypts and validates wireless management frames (such as deauth and disassociation requests). This prevents attackers from spoofing these frames to knock wireless robots offline.","10"
"2","ROS 1 Master XML-RPC Hijacking (ID: 2031)","### [R2] ROS 1 Master XML-RPC Hijacking (ID: 2031)

[Wireless & Distributed Systems Network Security]

ROS 1 (Robot Operating System) relies on an unencrypted XML-RPC server running on the Master node (usually port `11311`). If an attacker gains network access to this port, which action can they perform without any authentication credentials?

*Question Reference Code: NET-R2-Q31*","They can call `registerPublisher` to hijack a command topic (like `/cmd_vel`) and control the robot.","They can decrypt the SSL traffic of ROS nodes in real-time.","They can execute shell commands directly through the XML-RPC master API.","They can force the robot's physical system to initiate a recovery reboot.","They can call `registerPublisher` to hijack a command topic (like `/cmd_vel`) and control the robot.","ROS 1 has no built-in security. Anyone with access to the master port (11311) can register as a publisher or subscriber on any topic, allowing them to inject motor/velocity commands or sniff raw sensor data.","20"
"2","ROS 2 DDS Security (SROS2) Access Policies (ID: 2032)","### [R2] ROS 2 DDS Security (SROS2) Access Policies (ID: 2032)

[Wireless & Distributed Systems Network Security]

Under ROS 2 security configuration (SROS2), access control is governed by which technology standard within the underlying DDS (Data Distribution Service) layer?

*Question Reference Code: NET-R2-Q32*","X.509 Certificates and PKI-based XML Access Control Permissions.","OAuth 2.0 Web Tokens and JSON Web Keys (JWK).","Kerberos v5 mutual authentication protocols.","IPsec tunnel configurations with pre-shared keys.","X.509 Certificates and PKI-based XML Access Control Permissions.","SROS2 maps ROS 2 security concepts onto the DDS Security specification. It uses X.509 certificates for identity authentication and XML permission files (signed by a CA) to enforce governance and topic-level access control.","20"
"2","BLE Replay Attack on Robotic Arm Control (ID: 2033)","### [R2] BLE Replay Attack on Robotic Arm Control (ID: 2033)

[Wireless & Distributed Systems Network Security]

You are analyzing Bluetooth Low Energy (BLE) control packets sent to an autonomous logistics arm. The app writes command values to a specific write-without-response GATT characteristic. If the communication lacks a rolling cryptographic nonce or challenge-response mechanism, what exploit is possible?

*Question Reference Code: NET-R2-Q33*","A simple packet replay attack where captured write payloads are re-sent to repeat the arm's movement.","A timing attack to retrieve the manufacturer's secure encryption master key.","A remote memory corruption overflow in the BLE controller via GATT descriptor tampering.","An automated firmware downgrade by changing the GAP advertising interval.","A simple packet replay attack where captured write payloads are re-sent to repeat the arm's movement.","If GATT writes are not protected by anti-replay mechanisms (such as sequence numbers, timestamps, or challenge-response hashes), any attacker can capture the raw packets using a BLE sniffer and replay them to execute identical physical operations.","15"
"2","ROSbridge WebSocket Command Injection (ID: 2034)","### [R2] ROSbridge WebSocket Command Injection (ID: 2034)

[Wireless & Distributed Systems Network Security]

A robotic dashboard exposes ROS 1 capabilities over WebSockets using the `rosbridge_suite` package on port `9090`. If an internal web application connects to this WebSocket and lacks input validation on user-controlled fields, what vulnerability is exposed?

*Question Reference Code: NET-R2-Q34*","Arbitrary message publishing to key command topics, bypassing standard node restrictions.","Unauthorized read-out of the host OS kernel memory (Heartbleed-style).","A physical hardware short-circuit due to WebSocket ping-pong flood.","Reverse shell execution on the host OS via WebSocket HTTP handshake payload.","Arbitrary message publishing to key command topics, bypassing standard node restrictions.","rosbridge acts as a JSON-based gate to the ROS graph. Without authentication or network isolation, any client connecting to port 9090 can send structured JSON messages to publish, subscribe, or call services, completely hijacking the robot's logic.","15"
"2","Wi-Fi Deauthentication Attack on Mobile Robots (ID: 2035)","### [R2] Wi-Fi Deauthentication Attack on Mobile Robots (ID: 2035)

[Wireless & Distributed Systems Network Security]

You are executing a wireless penetration test in a smart warehouse. By transmitting spoofed Wi-Fi 802.11 deauthentication frames containing the BSSID of the AP and the MAC address of an autonomous AGV, what physical impact occurs?

*Question Reference Code: NET-R2-Q35*","The AGV loses its network connection, causing its navigation node to trigger a safety emergency stop (E-Stop).","The AGV will immediately connect to a random rogue Wi-Fi access point without standard security checks.","The AGV's internal network card will burn out due to RF power amplification.","The AGV's local operating system undergoes an instant secure reboot.","The AGV loses its network connection, causing its navigation node to trigger a safety emergency stop (E-Stop).","Standard 802.11 deauth frames are unencrypted (unless 802.11w/Protected Management Frames are active). Spoofing these packets breaks the AGV's Wi-Fi link. Real-time robots typically trigger an automatic stop when their heartbeat telemetry is lost.","15"
"2","CAN Bus Arbitration Hijacking (ID: 2036)","### [R2] CAN Bus Arbitration Hijacking (ID: 2036)

[Wireless & Distributed Systems Network Security]

How does CAN Bus arbitration resolve a collision when two nodes attempt to transmit packets simultaneously at the exact same moment?

*Question Reference Code: NET-R2-Q36*","The packet with the lower numerical Arbitration ID wins and continues transmitting.","The packet with the higher numerical Arbitration ID wins and continues transmitting.","Both nodes immediately back off and wait for a randomized exponential back-off timer.","The CAN controller discards both packets and flags a bit stuff error.","The packet with the lower numerical Arbitration ID wins and continues transmitting.","CAN bus uses a dominant (0) and recessive (1) bit structure. The lower numerical ID has more leading zeros (dominant bits), which overwrite recessive bits from the other node on the wire. Thus, the lower ID wins arbitration.","15"
"2","DDS Discovery Spoofing (ID: 2037)","### [R2] DDS Discovery Spoofing (ID: 2037)

[Wireless & Distributed Systems Network Security]

In a ROS2 network that does not utilize security configurations, an attacker broadcasts fake Simple Discovery Protocol (SDP) packets. What is the tactical objective of this DDS discovery hijacking attempt?

*Question Reference Code: NET-R2-Q37*","To trick active nodes into connecting to a rogue listener, redirecting their telemetry and sensor feeds.","To execute arbitrary remote shell commands on the physical microcontroller's bootloader.","To bypass the WPA2 Enterprise authentication of the local network bridge.","To manipulate the hardware pulse-width modulation (PWM) parameters of motor controllers.","To trick active nodes into connecting to a rogue listener, redirecting their telemetry and sensor feeds.","DDS discovery operates automatically over multicast. By spoofing discovery packets, an attacker can make a rogue node appear as a legitimate publisher or subscriber, redirecting confidential camera feeds, LiDAR data, or command velocity topics.","20"
"2","Foxglove Studio WebSocket Exploitation (ID: 2038)","### [R2] Foxglove Studio WebSocket Exploitation (ID: 2038)

[Wireless & Distributed Systems Network Security]

If the Foxglove Studio bridge is left exposed to public networks, which of the following is a direct security hazard?

*Question Reference Code: NET-R2-Q38*","Unauthenticated remote users can read all robot parameters, active TF transforms, and publish custom velocity commands.","The hardware's secure enclave will dump its private SSH keys over the serial console.","Attackers can physically reprogram the robotic hardware's fuse register values.","Rogue nodes can overwrite the Linux kernel boot parameters.","Unauthenticated remote users can read all robot parameters, active TF transforms, and publish custom velocity commands.","Foxglove bridge exposes a WebSocket server that provides complete visualization access to the ROS network. If left unsecured, external attackers can monitor the robot's surroundings and inject control inputs.","15"
"2","ROS Parameter Server Poisoning (ID: 2039)","### [R2] ROS Parameter Server Poisoning (ID: 2039)

[Wireless & Distributed Systems Network Security]

An attacker performs a network write request to the ROS 1 Parameter Server API. They set `/navigation/safety_distance` to `0.0`. What is the direct physical outcome of this parameter poisoning?

*Question Reference Code: NET-R2-Q39*","The robot will no longer slow down or stop when approaching physical obstacles, leading to direct collisions.","The robot's LiDAR system will turn off physically to conserve power.","The robot's local operating system will enter a recovery loop.","The path planner will lock up and fail to generate any further trajectories.","The robot will no longer slow down or stop when approaching physical obstacles, leading to direct collisions.","The ROS Parameter Server acts as a global lookup table. Safety-critical parameters (like collision avoidance zones or emergency stop distance thresholds) are fetched here. Poisoning these parameters dynamically disables safety protocols.","15"
"2","IEEE 802.11w Protection Benefit (ID: 2040)","### [R2] IEEE 802.11w Protection Benefit (ID: 2040)

[Wireless & Distributed Systems Network Security]

Which of the following security vulnerabilities does the activation of IEEE 802.11w (Protected Management Frames) mitigate on a robotic control network?

*Question Reference Code: NET-R2-Q40*","Deauthentication and disassociation frame spoofing attacks.","Man-in-the-middle ARP spoofing attacks.","WPA3 Pre-Shared Key brute force attacks.","DDS multicast discovery hijacking.","Deauthentication and disassociation frame spoofing attacks.","IEEE 802.11w encrypts and validates wireless management frames (such as deauth and disassociation requests). This prevents attackers from spoofing these frames to knock wireless robots offline.","10"
"2","ROS 1 Master XML-RPC Hijacking (ID: 2041)","### [R2] ROS 1 Master XML-RPC Hijacking (ID: 2041)

[Wireless & Distributed Systems Network Security]

ROS 1 (Robot Operating System) relies on an unencrypted XML-RPC server running on the Master node (usually port `11311`). If an attacker gains network access to this port, which action can they perform without any authentication credentials?

*Question Reference Code: NET-R2-Q41*","They can call `registerPublisher` to hijack a command topic (like `/cmd_vel`) and control the robot.","They can decrypt the SSL traffic of ROS nodes in real-time.","They can execute shell commands directly through the XML-RPC master API.","They can force the robot's physical system to initiate a recovery reboot.","They can call `registerPublisher` to hijack a command topic (like `/cmd_vel`) and control the robot.","ROS 1 has no built-in security. Anyone with access to the master port (11311) can register as a publisher or subscriber on any topic, allowing them to inject motor/velocity commands or sniff raw sensor data.","20"
"2","ROS 2 DDS Security (SROS2) Access Policies (ID: 2042)","### [R2] ROS 2 DDS Security (SROS2) Access Policies (ID: 2042)

[Wireless & Distributed Systems Network Security]

Under ROS 2 security configuration (SROS2), access control is governed by which technology standard within the underlying DDS (Data Distribution Service) layer?

*Question Reference Code: NET-R2-Q42*","X.509 Certificates and PKI-based XML Access Control Permissions.","OAuth 2.0 Web Tokens and JSON Web Keys (JWK).","Kerberos v5 mutual authentication protocols.","IPsec tunnel configurations with pre-shared keys.","X.509 Certificates and PKI-based XML Access Control Permissions.","SROS2 maps ROS 2 security concepts onto the DDS Security specification. It uses X.509 certificates for identity authentication and XML permission files (signed by a CA) to enforce governance and topic-level access control.","20"
"2","BLE Replay Attack on Robotic Arm Control (ID: 2043)","### [R2] BLE Replay Attack on Robotic Arm Control (ID: 2043)

[Wireless & Distributed Systems Network Security]

You are analyzing Bluetooth Low Energy (BLE) control packets sent to an autonomous logistics arm. The app writes command values to a specific write-without-response GATT characteristic. If the communication lacks a rolling cryptographic nonce or challenge-response mechanism, what exploit is possible?

*Question Reference Code: NET-R2-Q43*","A simple packet replay attack where captured write payloads are re-sent to repeat the arm's movement.","A timing attack to retrieve the manufacturer's secure encryption master key.","A remote memory corruption overflow in the BLE controller via GATT descriptor tampering.","An automated firmware downgrade by changing the GAP advertising interval.","A simple packet replay attack where captured write payloads are re-sent to repeat the arm's movement.","If GATT writes are not protected by anti-replay mechanisms (such as sequence numbers, timestamps, or challenge-response hashes), any attacker can capture the raw packets using a BLE sniffer and replay them to execute identical physical operations.","15"
"2","ROSbridge WebSocket Command Injection (ID: 2044)","### [R2] ROSbridge WebSocket Command Injection (ID: 2044)

[Wireless & Distributed Systems Network Security]

A robotic dashboard exposes ROS 1 capabilities over WebSockets using the `rosbridge_suite` package on port `9090`. If an internal web application connects to this WebSocket and lacks input validation on user-controlled fields, what vulnerability is exposed?

*Question Reference Code: NET-R2-Q44*","Arbitrary message publishing to key command topics, bypassing standard node restrictions.","Unauthorized read-out of the host OS kernel memory (Heartbleed-style).","A physical hardware short-circuit due to WebSocket ping-pong flood.","Reverse shell execution on the host OS via WebSocket HTTP handshake payload.","Arbitrary message publishing to key command topics, bypassing standard node restrictions.","rosbridge acts as a JSON-based gate to the ROS graph. Without authentication or network isolation, any client connecting to port 9090 can send structured JSON messages to publish, subscribe, or call services, completely hijacking the robot's logic.","15"
"2","Wi-Fi Deauthentication Attack on Mobile Robots (ID: 2045)","### [R2] Wi-Fi Deauthentication Attack on Mobile Robots (ID: 2045)

[Wireless & Distributed Systems Network Security]

You are executing a wireless penetration test in a smart warehouse. By transmitting spoofed Wi-Fi 802.11 deauthentication frames containing the BSSID of the AP and the MAC address of an autonomous AGV, what physical impact occurs?

*Question Reference Code: NET-R2-Q45*","The AGV loses its network connection, causing its navigation node to trigger a safety emergency stop (E-Stop).","The AGV will immediately connect to a random rogue Wi-Fi access point without standard security checks.","The AGV's internal network card will burn out due to RF power amplification.","The AGV's local operating system undergoes an instant secure reboot.","The AGV loses its network connection, causing its navigation node to trigger a safety emergency stop (E-Stop).","Standard 802.11 deauth frames are unencrypted (unless 802.11w/Protected Management Frames are active). Spoofing these packets breaks the AGV's Wi-Fi link. Real-time robots typically trigger an automatic stop when their heartbeat telemetry is lost.","15"
"2","CAN Bus Arbitration Hijacking (ID: 2046)","### [R2] CAN Bus Arbitration Hijacking (ID: 2046)

[Wireless & Distributed Systems Network Security]

How does CAN Bus arbitration resolve a collision when two nodes attempt to transmit packets simultaneously at the exact same moment?

*Question Reference Code: NET-R2-Q46*","The packet with the lower numerical Arbitration ID wins and continues transmitting.","The packet with the higher numerical Arbitration ID wins and continues transmitting.","Both nodes immediately back off and wait for a randomized exponential back-off timer.","The CAN controller discards both packets and flags a bit stuff error.","The packet with the lower numerical Arbitration ID wins and continues transmitting.","CAN bus uses a dominant (0) and recessive (1) bit structure. The lower numerical ID has more leading zeros (dominant bits), which overwrite recessive bits from the other node on the wire. Thus, the lower ID wins arbitration.","15"
"2","DDS Discovery Spoofing (ID: 2047)","### [R2] DDS Discovery Spoofing (ID: 2047)

[Wireless & Distributed Systems Network Security]

In a ROS2 network that does not utilize security configurations, an attacker broadcasts fake Simple Discovery Protocol (SDP) packets. What is the tactical objective of this DDS discovery hijacking attempt?

*Question Reference Code: NET-R2-Q47*","To trick active nodes into connecting to a rogue listener, redirecting their telemetry and sensor feeds.","To execute arbitrary remote shell commands on the physical microcontroller's bootloader.","To bypass the WPA2 Enterprise authentication of the local network bridge.","To manipulate the hardware pulse-width modulation (PWM) parameters of motor controllers.","To trick active nodes into connecting to a rogue listener, redirecting their telemetry and sensor feeds.","DDS discovery operates automatically over multicast. By spoofing discovery packets, an attacker can make a rogue node appear as a legitimate publisher or subscriber, redirecting confidential camera feeds, LiDAR data, or command velocity topics.","20"
"2","Foxglove Studio WebSocket Exploitation (ID: 2048)","### [R2] Foxglove Studio WebSocket Exploitation (ID: 2048)

[Wireless & Distributed Systems Network Security]

If the Foxglove Studio bridge is left exposed to public networks, which of the following is a direct security hazard?

*Question Reference Code: NET-R2-Q48*","Unauthenticated remote users can read all robot parameters, active TF transforms, and publish custom velocity commands.","The hardware's secure enclave will dump its private SSH keys over the serial console.","Attackers can physically reprogram the robotic hardware's fuse register values.","Rogue nodes can overwrite the Linux kernel boot parameters.","Unauthenticated remote users can read all robot parameters, active TF transforms, and publish custom velocity commands.","Foxglove bridge exposes a WebSocket server that provides complete visualization access to the ROS network. If left unsecured, external attackers can monitor the robot's surroundings and inject control inputs.","15"
"2","ROS Parameter Server Poisoning (ID: 2049)","### [R2] ROS Parameter Server Poisoning (ID: 2049)

[Wireless & Distributed Systems Network Security]

An attacker performs a network write request to the ROS 1 Parameter Server API. They set `/navigation/safety_distance` to `0.0`. What is the direct physical outcome of this parameter poisoning?

*Question Reference Code: NET-R2-Q49*","The robot will no longer slow down or stop when approaching physical obstacles, leading to direct collisions.","The robot's LiDAR system will turn off physically to conserve power.","The robot's local operating system will enter a recovery loop.","The path planner will lock up and fail to generate any further trajectories.","The robot will no longer slow down or stop when approaching physical obstacles, leading to direct collisions.","The ROS Parameter Server acts as a global lookup table. Safety-critical parameters (like collision avoidance zones or emergency stop distance thresholds) are fetched here. Poisoning these parameters dynamically disables safety protocols.","15"
"2","IEEE 802.11w Protection Benefit (ID: 2050)","### [R2] IEEE 802.11w Protection Benefit (ID: 2050)

[Wireless & Distributed Systems Network Security]

Which of the following security vulnerabilities does the activation of IEEE 802.11w (Protected Management Frames) mitigate on a robotic control network?

*Question Reference Code: NET-R2-Q50*","Deauthentication and disassociation frame spoofing attacks.","Man-in-the-middle ARP spoofing attacks.","WPA3 Pre-Shared Key brute force attacks.","DDS multicast discovery hijacking.","Deauthentication and disassociation frame spoofing attacks.","IEEE 802.11w encrypts and validates wireless management frames (such as deauth and disassociation requests). This prevents attackers from spoofing these frames to knock wireless robots offline.","10"
"3","LiDAR Echo Timing Poisoning (ID: 301)","### [R3] LiDAR Echo Timing Poisoning (ID: 301)

[Hardware Security & Cyber-Physical Signal Spoofing]

During a LiDAR spoofing simulation, you design an active laser transmitter to target an autonomous car's sensor array. If the car's LiDAR expects to receive reflections from objects at 10 meters (which takes ~66.7 nanoseconds round-trip), what timing delay must your injected laser pulse have relative to the original outgoing pulse to spoof an obstacle at 5 meters?

*Question Reference Code: HW-R3-Q1*","33.3 nanoseconds delay.","66.7 nanoseconds delay.","133.4 nanoseconds delay.","No delay (must be fired before the outgoing laser pulse).","33.3 nanoseconds delay.","Light travels at ~30 cm/ns. A round trip of 10m takes 66.7ns (5m one way, 5m back). A target obstacle at 5m requires a round trip of 33.3ns. Therefore, injecting a pulse that arrives at the sensor 33.3ns after the outbound laser pulse fools the system into mapping an obstacle at 5 meters.","25"
"3","Adversarial Physical Camera Patch (ID: 302)","### [R3] Adversarial Physical Camera Patch (ID: 302)

[Hardware Security & Cyber-Physical Signal Spoofing]

An autonomous rover uses a deep convolutional neural network for obstacle detection. You design an adversarial physical patch that is placed on a stop sign, causing the rover to classify it as a 45mph speed limit sign. What is this vulnerability class classified as?

*Question Reference Code: HW-R3-Q2*","Physical Adversarial Evasion Attack.","Model Poisoning Backdoor Attack.","Sensor Blindness Denial-of-Service.","Camera Transceiver Replay Evasion.","Physical Adversarial Evasion Attack.","Physical Adversarial Evasion involves making small, calculated physical perturbations (like stickers) to an object. These perturbations trick the neural network's activation maps into incorrect classification while looking benign to human observers.","20"
"3","IMU Acoustic Resonance Vulnerability (ID: 303)","### [R3] IMU Acoustic Resonance Vulnerability (ID: 303)

[Hardware Security & Cyber-Physical Signal Spoofing]

A quadcopter uses a MEMS gyroscope for stabilization. You play a high-frequency sound wave via a directional speaker that matches the exact physical resonant frequency of the gyroscope's internal silicon cantilever beam. What physical effect occurs?

*Question Reference Code: HW-R3-Q3*","The sensor registers fake high-rate rotational values, causing the flight controller to crash the drone.","The quadcopter's magnetic compass loses alignment.","The high-frequency sound physically burns out the microcontroller's ADC.","The drone immediately disables its motors and deploys its recovery parachute.","The sensor registers fake high-rate rotational values, causing the flight controller to crash the drone.","MEMS sensors contain tiny vibrating physical structures. Blasting sound at their exact resonant frequency introduces severe physical oscillations that override normal Coriolis forces. This injects chaotic garbage data into the state estimator, leading to rapid control destabilization.","25"
"3","GPS Spoofing - Ephemeris Manipulation (ID: 304)","### [R3] GPS Spoofing - Ephemeris Manipulation (ID: 304)

[Hardware Security & Cyber-Physical Signal Spoofing]

An attacker executes a GPS spoofing attack on a drone using a Software Defined Radio (SDR) like HackRF. By transmitting fake GPS signals with altered ephemeris parameters, what outcome can they achieve?

*Question Reference Code: HW-R3-Q4*","They can manipulate the drone's perceived latitude, longitude, and system time, taking control of its path.","They can disable the drone's physical motors instantly via a hardware kill switch.","They can clone the drone's secure boot cryptographic private keys.","They can force the drone to execute a factory firmware rollback.","They can manipulate the drone's perceived latitude, longitude, and system time, taking control of its path.","GPS receivers calculate location by comparing arrival times of satellite signals. By broadcasting slightly stronger signals with modified ephemeris data (orbital coordinates) and code phases, an attacker can smoothly drift the drone's calculated position.","20"
"3","Adversarial Laser Blinding (Dazzling) (ID: 305)","### [R3] Adversarial Laser Blinding (Dazzling) (ID: 305)

[Hardware Security & Cyber-Physical Signal Spoofing]

You target an autonomous vehicle's front-facing camera with a continuous-wave laser. What is the physical sensor state that disables the vehicle's computer vision system without causing permanent silicon damage?

*Question Reference Code: HW-R3-Q5*","Pixel Saturation (Dazzling), leading to local overexposure and blindness.","Thermal Silicon Degradation (Burnout), destroying pixels.","Optoelectronic Frequency Phase Modulation.","Optical Flow Vector Redirection.","Pixel Saturation (Dazzling), leading to local overexposure and blindness.","Laser dazzling saturates the CMOS pixels with excess photons, causing full whiteout in local camera regions. This blocks the computer vision pipeline without exceeding the thermal threshold that would permanently damage the hardware.","15"
"3","Magnetometer Magnetic Coil Spoofing (ID: 306)","### [R3] Magnetometer Magnetic Coil Spoofing (ID: 306)

[Hardware Security & Cyber-Physical Signal Spoofing]

A ground mapping robot relies on a magnetometer for heading calculation. By using a compact electromagnet concealed near the robot's path, an attacker can manipulate which physical value?

*Question Reference Code: HW-R3-Q6*","The yaw angle relative to magnetic north, causing the robot to turn off course.","The clock phase of the microcontroller's real-time clock (RTC).","The optical flow vector calculation of the down-facing camera.","The linear velocity value reported by wheel encoders.","The yaw angle relative to magnetic north, causing the robot to turn off course.","Magnetometers sense the earth's weak magnetic field. An artificial magnetic field generated by an electromagnet easily overrides the natural field, shifting the heading (yaw) estimation and sending the robot off-track.","15"
"3","NFC Emulation Replay Attack (ID: 307)","### [R3] NFC Emulation Replay Attack (ID: 307)

[Hardware Security & Cyber-Physical Signal Spoofing]

An warehouse robot authenticates at charging docks using an unencrypted high-frequency (13.56 MHz) RFID tag. If you use a tool like Flipper Zero to capture the tag UID and replay it, what describes the exploit?

*Question Reference Code: HW-R3-Q7*","A contactless replay attack that successfully bypasses dock authorization.","A side-channel timing attack to recover the secure key.","An active physical glitching attack that overrides the docks' voltage gates.","An automated denial of service that de-energizes the dock entirely.","A contactless replay attack that successfully bypasses dock authorization.","RFID systems that rely solely on static UIDs (without challenge-response cryptography) are fully vulnerable to UID emulation. Emulating the card's UID tricks the reader into granting access.","10"
"3","Hardware Glitching Voltage Target (ID: 308)","### [R3] Hardware Glitching Voltage Target (ID: 308)

[Hardware Security & Cyber-Physical Signal Spoofing]

During a voltage glitching attack on an IC, what describes the optimal timing window for injecting a brief VCC drop?

*Question Reference Code: HW-R3-Q8*","Exactly during a conditional check instruction (e.g., `cmp` or `jne`) inside the secure boot loader.","Immediately after the processor enters a deep low-power sleep state.","During the static idle loops of the operating system scheduler.","When the peripheral interface registers are writing data to external RAM.","Exactly during a conditional check instruction (e.g., `cmp` or `jne`) inside the secure boot loader.","Voltage glitching aims to corrupt instruction decoding or arithmetic operations. Injecting the drop exactly when a critical security decision is executed (e.g., password check, signature match) can flip the branch outcome.","25"
"3","Differential Power Analysis (DPA) (ID: 309)","### [R3] Differential Power Analysis (DPA) (ID: 309)

[Hardware Security & Cyber-Physical Signal Spoofing]

How does an attacker execute a Differential Power Analysis attack against a physical cryptographic chip?

*Question Reference Code: HW-R3-Q9*","By capturing high-frequency power consumption traces across millions of encryptions and applying statistical analysis.","By short-circuiting the power pin to ground to read the register states directly.","By measuring the physical temperature variations of the silicon chip core.","By analyzing the acoustic noise emitted by the decoupling capacitors.","By capturing high-frequency power consumption traces across millions of encryptions and applying statistical analysis.","DPA correlates power consumption with specific data values processed during cryptographic operations. By statistically analyzing thousands of traces, an attacker can extract secret keys bit-by-bit.","20"
"3","PCB Ground Plane Modification (ID: 3010)","### [R3] PCB Ground Plane Modification (ID: 3010)

[Hardware Security & Cyber-Physical Signal Spoofing]

An attacker physically cuts a PCB trace linking a hardware security module's (HSM) tamper-detect line to the main MCU. What physical exploit vector are they performing?

*Question Reference Code: HW-R3-Q10*","Physical Tamper Loop Bypass.","Logic Analyzer Bus Interception.","Hardware Bus Hijacking.","Voltage Glitch Redirection.","Physical Tamper Loop Bypass.","Many secure microcontrollers have active tamper detection loops (wires or traces that must remain intact). Severing this trace or bypassing it with a low-resistance path bypasses physical chassis/enclosure intrusion alerts.","15"
"3","LiDAR Echo Timing Poisoning (ID: 3011)","### [R3] LiDAR Echo Timing Poisoning (ID: 3011)

[Hardware Security & Cyber-Physical Signal Spoofing]

During a LiDAR spoofing simulation, you design an active laser transmitter to target an autonomous car's sensor array. If the car's LiDAR expects to receive reflections from objects at 10 meters (which takes ~66.7 nanoseconds round-trip), what timing delay must your injected laser pulse have relative to the original outgoing pulse to spoof an obstacle at 5 meters?

*Question Reference Code: HW-R3-Q11*","33.3 nanoseconds delay.","66.7 nanoseconds delay.","133.4 nanoseconds delay.","No delay (must be fired before the outgoing laser pulse).","33.3 nanoseconds delay.","Light travels at ~30 cm/ns. A round trip of 10m takes 66.7ns (5m one way, 5m back). A target obstacle at 5m requires a round trip of 33.3ns. Therefore, injecting a pulse that arrives at the sensor 33.3ns after the outbound laser pulse fools the system into mapping an obstacle at 5 meters.","25"
"3","Adversarial Physical Camera Patch (ID: 3012)","### [R3] Adversarial Physical Camera Patch (ID: 3012)

[Hardware Security & Cyber-Physical Signal Spoofing]

An autonomous rover uses a deep convolutional neural network for obstacle detection. You design an adversarial physical patch that is placed on a stop sign, causing the rover to classify it as a 45mph speed limit sign. What is this vulnerability class classified as?

*Question Reference Code: HW-R3-Q12*","Physical Adversarial Evasion Attack.","Model Poisoning Backdoor Attack.","Sensor Blindness Denial-of-Service.","Camera Transceiver Replay Evasion.","Physical Adversarial Evasion Attack.","Physical Adversarial Evasion involves making small, calculated physical perturbations (like stickers) to an object. These perturbations trick the neural network's activation maps into incorrect classification while looking benign to human observers.","20"
"3","IMU Acoustic Resonance Vulnerability (ID: 3013)","### [R3] IMU Acoustic Resonance Vulnerability (ID: 3013)

[Hardware Security & Cyber-Physical Signal Spoofing]

A quadcopter uses a MEMS gyroscope for stabilization. You play a high-frequency sound wave via a directional speaker that matches the exact physical resonant frequency of the gyroscope's internal silicon cantilever beam. What physical effect occurs?

*Question Reference Code: HW-R3-Q13*","The sensor registers fake high-rate rotational values, causing the flight controller to crash the drone.","The quadcopter's magnetic compass loses alignment.","The high-frequency sound physically burns out the microcontroller's ADC.","The drone immediately disables its motors and deploys its recovery parachute.","The sensor registers fake high-rate rotational values, causing the flight controller to crash the drone.","MEMS sensors contain tiny vibrating physical structures. Blasting sound at their exact resonant frequency introduces severe physical oscillations that override normal Coriolis forces. This injects chaotic garbage data into the state estimator, leading to rapid control destabilization.","25"
"3","GPS Spoofing - Ephemeris Manipulation (ID: 3014)","### [R3] GPS Spoofing - Ephemeris Manipulation (ID: 3014)

[Hardware Security & Cyber-Physical Signal Spoofing]

An attacker executes a GPS spoofing attack on a drone using a Software Defined Radio (SDR) like HackRF. By transmitting fake GPS signals with altered ephemeris parameters, what outcome can they achieve?

*Question Reference Code: HW-R3-Q14*","They can manipulate the drone's perceived latitude, longitude, and system time, taking control of its path.","They can disable the drone's physical motors instantly via a hardware kill switch.","They can clone the drone's secure boot cryptographic private keys.","They can force the drone to execute a factory firmware rollback.","They can manipulate the drone's perceived latitude, longitude, and system time, taking control of its path.","GPS receivers calculate location by comparing arrival times of satellite signals. By broadcasting slightly stronger signals with modified ephemeris data (orbital coordinates) and code phases, an attacker can smoothly drift the drone's calculated position.","20"
"3","Adversarial Laser Blinding (Dazzling) (ID: 3015)","### [R3] Adversarial Laser Blinding (Dazzling) (ID: 3015)

[Hardware Security & Cyber-Physical Signal Spoofing]

You target an autonomous vehicle's front-facing camera with a continuous-wave laser. What is the physical sensor state that disables the vehicle's computer vision system without causing permanent silicon damage?

*Question Reference Code: HW-R3-Q15*","Pixel Saturation (Dazzling), leading to local overexposure and blindness.","Thermal Silicon Degradation (Burnout), destroying pixels.","Optoelectronic Frequency Phase Modulation.","Optical Flow Vector Redirection.","Pixel Saturation (Dazzling), leading to local overexposure and blindness.","Laser dazzling saturates the CMOS pixels with excess photons, causing full whiteout in local camera regions. This blocks the computer vision pipeline without exceeding the thermal threshold that would permanently damage the hardware.","15"
"3","Magnetometer Magnetic Coil Spoofing (ID: 3016)","### [R3] Magnetometer Magnetic Coil Spoofing (ID: 3016)

[Hardware Security & Cyber-Physical Signal Spoofing]

A ground mapping robot relies on a magnetometer for heading calculation. By using a compact electromagnet concealed near the robot's path, an attacker can manipulate which physical value?

*Question Reference Code: HW-R3-Q16*","The yaw angle relative to magnetic north, causing the robot to turn off course.","The clock phase of the microcontroller's real-time clock (RTC).","The optical flow vector calculation of the down-facing camera.","The linear velocity value reported by wheel encoders.","The yaw angle relative to magnetic north, causing the robot to turn off course.","Magnetometers sense the earth's weak magnetic field. An artificial magnetic field generated by an electromagnet easily overrides the natural field, shifting the heading (yaw) estimation and sending the robot off-track.","15"
"3","NFC Emulation Replay Attack (ID: 3017)","### [R3] NFC Emulation Replay Attack (ID: 3017)

[Hardware Security & Cyber-Physical Signal Spoofing]

An warehouse robot authenticates at charging docks using an unencrypted high-frequency (13.56 MHz) RFID tag. If you use a tool like Flipper Zero to capture the tag UID and replay it, what describes the exploit?

*Question Reference Code: HW-R3-Q17*","A contactless replay attack that successfully bypasses dock authorization.","A side-channel timing attack to recover the secure key.","An active physical glitching attack that overrides the docks' voltage gates.","An automated denial of service that de-energizes the dock entirely.","A contactless replay attack that successfully bypasses dock authorization.","RFID systems that rely solely on static UIDs (without challenge-response cryptography) are fully vulnerable to UID emulation. Emulating the card's UID tricks the reader into granting access.","10"
"3","Hardware Glitching Voltage Target (ID: 3018)","### [R3] Hardware Glitching Voltage Target (ID: 3018)

[Hardware Security & Cyber-Physical Signal Spoofing]

During a voltage glitching attack on an IC, what describes the optimal timing window for injecting a brief VCC drop?

*Question Reference Code: HW-R3-Q18*","Exactly during a conditional check instruction (e.g., `cmp` or `jne`) inside the secure boot loader.","Immediately after the processor enters a deep low-power sleep state.","During the static idle loops of the operating system scheduler.","When the peripheral interface registers are writing data to external RAM.","Exactly during a conditional check instruction (e.g., `cmp` or `jne`) inside the secure boot loader.","Voltage glitching aims to corrupt instruction decoding or arithmetic operations. Injecting the drop exactly when a critical security decision is executed (e.g., password check, signature match) can flip the branch outcome.","25"
"3","Differential Power Analysis (DPA) (ID: 3019)","### [R3] Differential Power Analysis (DPA) (ID: 3019)

[Hardware Security & Cyber-Physical Signal Spoofing]

How does an attacker execute a Differential Power Analysis attack against a physical cryptographic chip?

*Question Reference Code: HW-R3-Q19*","By capturing high-frequency power consumption traces across millions of encryptions and applying statistical analysis.","By short-circuiting the power pin to ground to read the register states directly.","By measuring the physical temperature variations of the silicon chip core.","By analyzing the acoustic noise emitted by the decoupling capacitors.","By capturing high-frequency power consumption traces across millions of encryptions and applying statistical analysis.","DPA correlates power consumption with specific data values processed during cryptographic operations. By statistically analyzing thousands of traces, an attacker can extract secret keys bit-by-bit.","20"
"3","PCB Ground Plane Modification (ID: 3020)","### [R3] PCB Ground Plane Modification (ID: 3020)

[Hardware Security & Cyber-Physical Signal Spoofing]

An attacker physically cuts a PCB trace linking a hardware security module's (HSM) tamper-detect line to the main MCU. What physical exploit vector are they performing?

*Question Reference Code: HW-R3-Q20*","Physical Tamper Loop Bypass.","Logic Analyzer Bus Interception.","Hardware Bus Hijacking.","Voltage Glitch Redirection.","Physical Tamper Loop Bypass.","Many secure microcontrollers have active tamper detection loops (wires or traces that must remain intact). Severing this trace or bypassing it with a low-resistance path bypasses physical chassis/enclosure intrusion alerts.","15"
"3","LiDAR Echo Timing Poisoning (ID: 3021)","### [R3] LiDAR Echo Timing Poisoning (ID: 3021)

[Hardware Security & Cyber-Physical Signal Spoofing]

During a LiDAR spoofing simulation, you design an active laser transmitter to target an autonomous car's sensor array. If the car's LiDAR expects to receive reflections from objects at 10 meters (which takes ~66.7 nanoseconds round-trip), what timing delay must your injected laser pulse have relative to the original outgoing pulse to spoof an obstacle at 5 meters?

*Question Reference Code: HW-R3-Q21*","33.3 nanoseconds delay.","66.7 nanoseconds delay.","133.4 nanoseconds delay.","No delay (must be fired before the outgoing laser pulse).","33.3 nanoseconds delay.","Light travels at ~30 cm/ns. A round trip of 10m takes 66.7ns (5m one way, 5m back). A target obstacle at 5m requires a round trip of 33.3ns. Therefore, injecting a pulse that arrives at the sensor 33.3ns after the outbound laser pulse fools the system into mapping an obstacle at 5 meters.","25"
"3","Adversarial Physical Camera Patch (ID: 3022)","### [R3] Adversarial Physical Camera Patch (ID: 3022)

[Hardware Security & Cyber-Physical Signal Spoofing]

An autonomous rover uses a deep convolutional neural network for obstacle detection. You design an adversarial physical patch that is placed on a stop sign, causing the rover to classify it as a 45mph speed limit sign. What is this vulnerability class classified as?

*Question Reference Code: HW-R3-Q22*","Physical Adversarial Evasion Attack.","Model Poisoning Backdoor Attack.","Sensor Blindness Denial-of-Service.","Camera Transceiver Replay Evasion.","Physical Adversarial Evasion Attack.","Physical Adversarial Evasion involves making small, calculated physical perturbations (like stickers) to an object. These perturbations trick the neural network's activation maps into incorrect classification while looking benign to human observers.","20"
"3","IMU Acoustic Resonance Vulnerability (ID: 3023)","### [R3] IMU Acoustic Resonance Vulnerability (ID: 3023)

[Hardware Security & Cyber-Physical Signal Spoofing]

A quadcopter uses a MEMS gyroscope for stabilization. You play a high-frequency sound wave via a directional speaker that matches the exact physical resonant frequency of the gyroscope's internal silicon cantilever beam. What physical effect occurs?

*Question Reference Code: HW-R3-Q23*","The sensor registers fake high-rate rotational values, causing the flight controller to crash the drone.","The quadcopter's magnetic compass loses alignment.","The high-frequency sound physically burns out the microcontroller's ADC.","The drone immediately disables its motors and deploys its recovery parachute.","The sensor registers fake high-rate rotational values, causing the flight controller to crash the drone.","MEMS sensors contain tiny vibrating physical structures. Blasting sound at their exact resonant frequency introduces severe physical oscillations that override normal Coriolis forces. This injects chaotic garbage data into the state estimator, leading to rapid control destabilization.","25"
"3","GPS Spoofing - Ephemeris Manipulation (ID: 3024)","### [R3] GPS Spoofing - Ephemeris Manipulation (ID: 3024)

[Hardware Security & Cyber-Physical Signal Spoofing]

An attacker executes a GPS spoofing attack on a drone using a Software Defined Radio (SDR) like HackRF. By transmitting fake GPS signals with altered ephemeris parameters, what outcome can they achieve?

*Question Reference Code: HW-R3-Q24*","They can manipulate the drone's perceived latitude, longitude, and system time, taking control of its path.","They can disable the drone's physical motors instantly via a hardware kill switch.","They can clone the drone's secure boot cryptographic private keys.","They can force the drone to execute a factory firmware rollback.","They can manipulate the drone's perceived latitude, longitude, and system time, taking control of its path.","GPS receivers calculate location by comparing arrival times of satellite signals. By broadcasting slightly stronger signals with modified ephemeris data (orbital coordinates) and code phases, an attacker can smoothly drift the drone's calculated position.","20"
"3","Adversarial Laser Blinding (Dazzling) (ID: 3025)","### [R3] Adversarial Laser Blinding (Dazzling) (ID: 3025)

[Hardware Security & Cyber-Physical Signal Spoofing]

You target an autonomous vehicle's front-facing camera with a continuous-wave laser. What is the physical sensor state that disables the vehicle's computer vision system without causing permanent silicon damage?

*Question Reference Code: HW-R3-Q25*","Pixel Saturation (Dazzling), leading to local overexposure and blindness.","Thermal Silicon Degradation (Burnout), destroying pixels.","Optoelectronic Frequency Phase Modulation.","Optical Flow Vector Redirection.","Pixel Saturation (Dazzling), leading to local overexposure and blindness.","Laser dazzling saturates the CMOS pixels with excess photons, causing full whiteout in local camera regions. This blocks the computer vision pipeline without exceeding the thermal threshold that would permanently damage the hardware.","15"
"3","Magnetometer Magnetic Coil Spoofing (ID: 3026)","### [R3] Magnetometer Magnetic Coil Spoofing (ID: 3026)

[Hardware Security & Cyber-Physical Signal Spoofing]

A ground mapping robot relies on a magnetometer for heading calculation. By using a compact electromagnet concealed near the robot's path, an attacker can manipulate which physical value?

*Question Reference Code: HW-R3-Q26*","The yaw angle relative to magnetic north, causing the robot to turn off course.","The clock phase of the microcontroller's real-time clock (RTC).","The optical flow vector calculation of the down-facing camera.","The linear velocity value reported by wheel encoders.","The yaw angle relative to magnetic north, causing the robot to turn off course.","Magnetometers sense the earth's weak magnetic field. An artificial magnetic field generated by an electromagnet easily overrides the natural field, shifting the heading (yaw) estimation and sending the robot off-track.","15"
"3","NFC Emulation Replay Attack (ID: 3027)","### [R3] NFC Emulation Replay Attack (ID: 3027)

[Hardware Security & Cyber-Physical Signal Spoofing]

An warehouse robot authenticates at charging docks using an unencrypted high-frequency (13.56 MHz) RFID tag. If you use a tool like Flipper Zero to capture the tag UID and replay it, what describes the exploit?

*Question Reference Code: HW-R3-Q27*","A contactless replay attack that successfully bypasses dock authorization.","A side-channel timing attack to recover the secure key.","An active physical glitching attack that overrides the docks' voltage gates.","An automated denial of service that de-energizes the dock entirely.","A contactless replay attack that successfully bypasses dock authorization.","RFID systems that rely solely on static UIDs (without challenge-response cryptography) are fully vulnerable to UID emulation. Emulating the card's UID tricks the reader into granting access.","10"
"3","Hardware Glitching Voltage Target (ID: 3028)","### [R3] Hardware Glitching Voltage Target (ID: 3028)

[Hardware Security & Cyber-Physical Signal Spoofing]

During a voltage glitching attack on an IC, what describes the optimal timing window for injecting a brief VCC drop?

*Question Reference Code: HW-R3-Q28*","Exactly during a conditional check instruction (e.g., `cmp` or `jne`) inside the secure boot loader.","Immediately after the processor enters a deep low-power sleep state.","During the static idle loops of the operating system scheduler.","When the peripheral interface registers are writing data to external RAM.","Exactly during a conditional check instruction (e.g., `cmp` or `jne`) inside the secure boot loader.","Voltage glitching aims to corrupt instruction decoding or arithmetic operations. Injecting the drop exactly when a critical security decision is executed (e.g., password check, signature match) can flip the branch outcome.","25"
"3","Differential Power Analysis (DPA) (ID: 3029)","### [R3] Differential Power Analysis (DPA) (ID: 3029)

[Hardware Security & Cyber-Physical Signal Spoofing]

How does an attacker execute a Differential Power Analysis attack against a physical cryptographic chip?

*Question Reference Code: HW-R3-Q29*","By capturing high-frequency power consumption traces across millions of encryptions and applying statistical analysis.","By short-circuiting the power pin to ground to read the register states directly.","By measuring the physical temperature variations of the silicon chip core.","By analyzing the acoustic noise emitted by the decoupling capacitors.","By capturing high-frequency power consumption traces across millions of encryptions and applying statistical analysis.","DPA correlates power consumption with specific data values processed during cryptographic operations. By statistically analyzing thousands of traces, an attacker can extract secret keys bit-by-bit.","20"
"3","PCB Ground Plane Modification (ID: 3030)","### [R3] PCB Ground Plane Modification (ID: 3030)

[Hardware Security & Cyber-Physical Signal Spoofing]

An attacker physically cuts a PCB trace linking a hardware security module's (HSM) tamper-detect line to the main MCU. What physical exploit vector are they performing?

*Question Reference Code: HW-R3-Q30*","Physical Tamper Loop Bypass.","Logic Analyzer Bus Interception.","Hardware Bus Hijacking.","Voltage Glitch Redirection.","Physical Tamper Loop Bypass.","Many secure microcontrollers have active tamper detection loops (wires or traces that must remain intact). Severing this trace or bypassing it with a low-resistance path bypasses physical chassis/enclosure intrusion alerts.","15"
"3","LiDAR Echo Timing Poisoning (ID: 3031)","### [R3] LiDAR Echo Timing Poisoning (ID: 3031)

[Hardware Security & Cyber-Physical Signal Spoofing]

During a LiDAR spoofing simulation, you design an active laser transmitter to target an autonomous car's sensor array. If the car's LiDAR expects to receive reflections from objects at 10 meters (which takes ~66.7 nanoseconds round-trip), what timing delay must your injected laser pulse have relative to the original outgoing pulse to spoof an obstacle at 5 meters?

*Question Reference Code: HW-R3-Q31*","33.3 nanoseconds delay.","66.7 nanoseconds delay.","133.4 nanoseconds delay.","No delay (must be fired before the outgoing laser pulse).","33.3 nanoseconds delay.","Light travels at ~30 cm/ns. A round trip of 10m takes 66.7ns (5m one way, 5m back). A target obstacle at 5m requires a round trip of 33.3ns. Therefore, injecting a pulse that arrives at the sensor 33.3ns after the outbound laser pulse fools the system into mapping an obstacle at 5 meters.","25"
"3","Adversarial Physical Camera Patch (ID: 3032)","### [R3] Adversarial Physical Camera Patch (ID: 3032)

[Hardware Security & Cyber-Physical Signal Spoofing]

An autonomous rover uses a deep convolutional neural network for obstacle detection. You design an adversarial physical patch that is placed on a stop sign, causing the rover to classify it as a 45mph speed limit sign. What is this vulnerability class classified as?

*Question Reference Code: HW-R3-Q32*","Physical Adversarial Evasion Attack.","Model Poisoning Backdoor Attack.","Sensor Blindness Denial-of-Service.","Camera Transceiver Replay Evasion.","Physical Adversarial Evasion Attack.","Physical Adversarial Evasion involves making small, calculated physical perturbations (like stickers) to an object. These perturbations trick the neural network's activation maps into incorrect classification while looking benign to human observers.","20"
"3","IMU Acoustic Resonance Vulnerability (ID: 3033)","### [R3] IMU Acoustic Resonance Vulnerability (ID: 3033)

[Hardware Security & Cyber-Physical Signal Spoofing]

A quadcopter uses a MEMS gyroscope for stabilization. You play a high-frequency sound wave via a directional speaker that matches the exact physical resonant frequency of the gyroscope's internal silicon cantilever beam. What physical effect occurs?

*Question Reference Code: HW-R3-Q33*","The sensor registers fake high-rate rotational values, causing the flight controller to crash the drone.","The quadcopter's magnetic compass loses alignment.","The high-frequency sound physically burns out the microcontroller's ADC.","The drone immediately disables its motors and deploys its recovery parachute.","The sensor registers fake high-rate rotational values, causing the flight controller to crash the drone.","MEMS sensors contain tiny vibrating physical structures. Blasting sound at their exact resonant frequency introduces severe physical oscillations that override normal Coriolis forces. This injects chaotic garbage data into the state estimator, leading to rapid control destabilization.","25"
"3","GPS Spoofing - Ephemeris Manipulation (ID: 3034)","### [R3] GPS Spoofing - Ephemeris Manipulation (ID: 3034)

[Hardware Security & Cyber-Physical Signal Spoofing]

An attacker executes a GPS spoofing attack on a drone using a Software Defined Radio (SDR) like HackRF. By transmitting fake GPS signals with altered ephemeris parameters, what outcome can they achieve?

*Question Reference Code: HW-R3-Q34*","They can manipulate the drone's perceived latitude, longitude, and system time, taking control of its path.","They can disable the drone's physical motors instantly via a hardware kill switch.","They can clone the drone's secure boot cryptographic private keys.","They can force the drone to execute a factory firmware rollback.","They can manipulate the drone's perceived latitude, longitude, and system time, taking control of its path.","GPS receivers calculate location by comparing arrival times of satellite signals. By broadcasting slightly stronger signals with modified ephemeris data (orbital coordinates) and code phases, an attacker can smoothly drift the drone's calculated position.","20"
"3","Adversarial Laser Blinding (Dazzling) (ID: 3035)","### [R3] Adversarial Laser Blinding (Dazzling) (ID: 3035)

[Hardware Security & Cyber-Physical Signal Spoofing]

You target an autonomous vehicle's front-facing camera with a continuous-wave laser. What is the physical sensor state that disables the vehicle's computer vision system without causing permanent silicon damage?

*Question Reference Code: HW-R3-Q35*","Pixel Saturation (Dazzling), leading to local overexposure and blindness.","Thermal Silicon Degradation (Burnout), destroying pixels.","Optoelectronic Frequency Phase Modulation.","Optical Flow Vector Redirection.","Pixel Saturation (Dazzling), leading to local overexposure and blindness.","Laser dazzling saturates the CMOS pixels with excess photons, causing full whiteout in local camera regions. This blocks the computer vision pipeline without exceeding the thermal threshold that would permanently damage the hardware.","15"
"3","Magnetometer Magnetic Coil Spoofing (ID: 3036)","### [R3] Magnetometer Magnetic Coil Spoofing (ID: 3036)

[Hardware Security & Cyber-Physical Signal Spoofing]

A ground mapping robot relies on a magnetometer for heading calculation. By using a compact electromagnet concealed near the robot's path, an attacker can manipulate which physical value?

*Question Reference Code: HW-R3-Q36*","The yaw angle relative to magnetic north, causing the robot to turn off course.","The clock phase of the microcontroller's real-time clock (RTC).","The optical flow vector calculation of the down-facing camera.","The linear velocity value reported by wheel encoders.","The yaw angle relative to magnetic north, causing the robot to turn off course.","Magnetometers sense the earth's weak magnetic field. An artificial magnetic field generated by an electromagnet easily overrides the natural field, shifting the heading (yaw) estimation and sending the robot off-track.","15"
"3","NFC Emulation Replay Attack (ID: 3037)","### [R3] NFC Emulation Replay Attack (ID: 3037)

[Hardware Security & Cyber-Physical Signal Spoofing]

An warehouse robot authenticates at charging docks using an unencrypted high-frequency (13.56 MHz) RFID tag. If you use a tool like Flipper Zero to capture the tag UID and replay it, what describes the exploit?

*Question Reference Code: HW-R3-Q37*","A contactless replay attack that successfully bypasses dock authorization.","A side-channel timing attack to recover the secure key.","An active physical glitching attack that overrides the docks' voltage gates.","An automated denial of service that de-energizes the dock entirely.","A contactless replay attack that successfully bypasses dock authorization.","RFID systems that rely solely on static UIDs (without challenge-response cryptography) are fully vulnerable to UID emulation. Emulating the card's UID tricks the reader into granting access.","10"
"3","Hardware Glitching Voltage Target (ID: 3038)","### [R3] Hardware Glitching Voltage Target (ID: 3038)

[Hardware Security & Cyber-Physical Signal Spoofing]

During a voltage glitching attack on an IC, what describes the optimal timing window for injecting a brief VCC drop?

*Question Reference Code: HW-R3-Q38*","Exactly during a conditional check instruction (e.g., `cmp` or `jne`) inside the secure boot loader.","Immediately after the processor enters a deep low-power sleep state.","During the static idle loops of the operating system scheduler.","When the peripheral interface registers are writing data to external RAM.","Exactly during a conditional check instruction (e.g., `cmp` or `jne`) inside the secure boot loader.","Voltage glitching aims to corrupt instruction decoding or arithmetic operations. Injecting the drop exactly when a critical security decision is executed (e.g., password check, signature match) can flip the branch outcome.","25"
"3","Differential Power Analysis (DPA) (ID: 3039)","### [R3] Differential Power Analysis (DPA) (ID: 3039)

[Hardware Security & Cyber-Physical Signal Spoofing]

How does an attacker execute a Differential Power Analysis attack against a physical cryptographic chip?

*Question Reference Code: HW-R3-Q39*","By capturing high-frequency power consumption traces across millions of encryptions and applying statistical analysis.","By short-circuiting the power pin to ground to read the register states directly.","By measuring the physical temperature variations of the silicon chip core.","By analyzing the acoustic noise emitted by the decoupling capacitors.","By capturing high-frequency power consumption traces across millions of encryptions and applying statistical analysis.","DPA correlates power consumption with specific data values processed during cryptographic operations. By statistically analyzing thousands of traces, an attacker can extract secret keys bit-by-bit.","20"
"3","PCB Ground Plane Modification (ID: 3040)","### [R3] PCB Ground Plane Modification (ID: 3040)

[Hardware Security & Cyber-Physical Signal Spoofing]

An attacker physically cuts a PCB trace linking a hardware security module's (HSM) tamper-detect line to the main MCU. What physical exploit vector are they performing?

*Question Reference Code: HW-R3-Q40*","Physical Tamper Loop Bypass.","Logic Analyzer Bus Interception.","Hardware Bus Hijacking.","Voltage Glitch Redirection.","Physical Tamper Loop Bypass.","Many secure microcontrollers have active tamper detection loops (wires or traces that must remain intact). Severing this trace or bypassing it with a low-resistance path bypasses physical chassis/enclosure intrusion alerts.","15"
"3","LiDAR Echo Timing Poisoning (ID: 3041)","### [R3] LiDAR Echo Timing Poisoning (ID: 3041)

[Hardware Security & Cyber-Physical Signal Spoofing]

During a LiDAR spoofing simulation, you design an active laser transmitter to target an autonomous car's sensor array. If the car's LiDAR expects to receive reflections from objects at 10 meters (which takes ~66.7 nanoseconds round-trip), what timing delay must your injected laser pulse have relative to the original outgoing pulse to spoof an obstacle at 5 meters?

*Question Reference Code: HW-R3-Q41*","33.3 nanoseconds delay.","66.7 nanoseconds delay.","133.4 nanoseconds delay.","No delay (must be fired before the outgoing laser pulse).","33.3 nanoseconds delay.","Light travels at ~30 cm/ns. A round trip of 10m takes 66.7ns (5m one way, 5m back). A target obstacle at 5m requires a round trip of 33.3ns. Therefore, injecting a pulse that arrives at the sensor 33.3ns after the outbound laser pulse fools the system into mapping an obstacle at 5 meters.","25"
"3","Adversarial Physical Camera Patch (ID: 3042)","### [R3] Adversarial Physical Camera Patch (ID: 3042)

[Hardware Security & Cyber-Physical Signal Spoofing]

An autonomous rover uses a deep convolutional neural network for obstacle detection. You design an adversarial physical patch that is placed on a stop sign, causing the rover to classify it as a 45mph speed limit sign. What is this vulnerability class classified as?

*Question Reference Code: HW-R3-Q42*","Physical Adversarial Evasion Attack.","Model Poisoning Backdoor Attack.","Sensor Blindness Denial-of-Service.","Camera Transceiver Replay Evasion.","Physical Adversarial Evasion Attack.","Physical Adversarial Evasion involves making small, calculated physical perturbations (like stickers) to an object. These perturbations trick the neural network's activation maps into incorrect classification while looking benign to human observers.","20"
"3","IMU Acoustic Resonance Vulnerability (ID: 3043)","### [R3] IMU Acoustic Resonance Vulnerability (ID: 3043)

[Hardware Security & Cyber-Physical Signal Spoofing]

A quadcopter uses a MEMS gyroscope for stabilization. You play a high-frequency sound wave via a directional speaker that matches the exact physical resonant frequency of the gyroscope's internal silicon cantilever beam. What physical effect occurs?

*Question Reference Code: HW-R3-Q43*","The sensor registers fake high-rate rotational values, causing the flight controller to crash the drone.","The quadcopter's magnetic compass loses alignment.","The high-frequency sound physically burns out the microcontroller's ADC.","The drone immediately disables its motors and deploys its recovery parachute.","The sensor registers fake high-rate rotational values, causing the flight controller to crash the drone.","MEMS sensors contain tiny vibrating physical structures. Blasting sound at their exact resonant frequency introduces severe physical oscillations that override normal Coriolis forces. This injects chaotic garbage data into the state estimator, leading to rapid control destabilization.","25"
"3","GPS Spoofing - Ephemeris Manipulation (ID: 3044)","### [R3] GPS Spoofing - Ephemeris Manipulation (ID: 3044)

[Hardware Security & Cyber-Physical Signal Spoofing]

An attacker executes a GPS spoofing attack on a drone using a Software Defined Radio (SDR) like HackRF. By transmitting fake GPS signals with altered ephemeris parameters, what outcome can they achieve?

*Question Reference Code: HW-R3-Q44*","They can manipulate the drone's perceived latitude, longitude, and system time, taking control of its path.","They can disable the drone's physical motors instantly via a hardware kill switch.","They can clone the drone's secure boot cryptographic private keys.","They can force the drone to execute a factory firmware rollback.","They can manipulate the drone's perceived latitude, longitude, and system time, taking control of its path.","GPS receivers calculate location by comparing arrival times of satellite signals. By broadcasting slightly stronger signals with modified ephemeris data (orbital coordinates) and code phases, an attacker can smoothly drift the drone's calculated position.","20"
"3","Adversarial Laser Blinding (Dazzling) (ID: 3045)","### [R3] Adversarial Laser Blinding (Dazzling) (ID: 3045)

[Hardware Security & Cyber-Physical Signal Spoofing]

You target an autonomous vehicle's front-facing camera with a continuous-wave laser. What is the physical sensor state that disables the vehicle's computer vision system without causing permanent silicon damage?

*Question Reference Code: HW-R3-Q45*","Pixel Saturation (Dazzling), leading to local overexposure and blindness.","Thermal Silicon Degradation (Burnout), destroying pixels.","Optoelectronic Frequency Phase Modulation.","Optical Flow Vector Redirection.","Pixel Saturation (Dazzling), leading to local overexposure and blindness.","Laser dazzling saturates the CMOS pixels with excess photons, causing full whiteout in local camera regions. This blocks the computer vision pipeline without exceeding the thermal threshold that would permanently damage the hardware.","15"
"3","Magnetometer Magnetic Coil Spoofing (ID: 3046)","### [R3] Magnetometer Magnetic Coil Spoofing (ID: 3046)

[Hardware Security & Cyber-Physical Signal Spoofing]

A ground mapping robot relies on a magnetometer for heading calculation. By using a compact electromagnet concealed near the robot's path, an attacker can manipulate which physical value?

*Question Reference Code: HW-R3-Q46*","The yaw angle relative to magnetic north, causing the robot to turn off course.","The clock phase of the microcontroller's real-time clock (RTC).","The optical flow vector calculation of the down-facing camera.","The linear velocity value reported by wheel encoders.","The yaw angle relative to magnetic north, causing the robot to turn off course.","Magnetometers sense the earth's weak magnetic field. An artificial magnetic field generated by an electromagnet easily overrides the natural field, shifting the heading (yaw) estimation and sending the robot off-track.","15"
"3","NFC Emulation Replay Attack (ID: 3047)","### [R3] NFC Emulation Replay Attack (ID: 3047)

[Hardware Security & Cyber-Physical Signal Spoofing]

An warehouse robot authenticates at charging docks using an unencrypted high-frequency (13.56 MHz) RFID tag. If you use a tool like Flipper Zero to capture the tag UID and replay it, what describes the exploit?

*Question Reference Code: HW-R3-Q47*","A contactless replay attack that successfully bypasses dock authorization.","A side-channel timing attack to recover the secure key.","An active physical glitching attack that overrides the docks' voltage gates.","An automated denial of service that de-energizes the dock entirely.","A contactless replay attack that successfully bypasses dock authorization.","RFID systems that rely solely on static UIDs (without challenge-response cryptography) are fully vulnerable to UID emulation. Emulating the card's UID tricks the reader into granting access.","10"
"3","Hardware Glitching Voltage Target (ID: 3048)","### [R3] Hardware Glitching Voltage Target (ID: 3048)

[Hardware Security & Cyber-Physical Signal Spoofing]

During a voltage glitching attack on an IC, what describes the optimal timing window for injecting a brief VCC drop?

*Question Reference Code: HW-R3-Q48*","Exactly during a conditional check instruction (e.g., `cmp` or `jne`) inside the secure boot loader.","Immediately after the processor enters a deep low-power sleep state.","During the static idle loops of the operating system scheduler.","When the peripheral interface registers are writing data to external RAM.","Exactly during a conditional check instruction (e.g., `cmp` or `jne`) inside the secure boot loader.","Voltage glitching aims to corrupt instruction decoding or arithmetic operations. Injecting the drop exactly when a critical security decision is executed (e.g., password check, signature match) can flip the branch outcome.","25"
"3","Differential Power Analysis (DPA) (ID: 3049)","### [R3] Differential Power Analysis (DPA) (ID: 3049)

[Hardware Security & Cyber-Physical Signal Spoofing]

How does an attacker execute a Differential Power Analysis attack against a physical cryptographic chip?

*Question Reference Code: HW-R3-Q49*","By capturing high-frequency power consumption traces across millions of encryptions and applying statistical analysis.","By short-circuiting the power pin to ground to read the register states directly.","By measuring the physical temperature variations of the silicon chip core.","By analyzing the acoustic noise emitted by the decoupling capacitors.","By capturing high-frequency power consumption traces across millions of encryptions and applying statistical analysis.","DPA correlates power consumption with specific data values processed during cryptographic operations. By statistically analyzing thousands of traces, an attacker can extract secret keys bit-by-bit.","20"
"3","PCB Ground Plane Modification (ID: 3050)","### [R3] PCB Ground Plane Modification (ID: 3050)

[Hardware Security & Cyber-Physical Signal Spoofing]

An attacker physically cuts a PCB trace linking a hardware security module's (HSM) tamper-detect line to the main MCU. What physical exploit vector are they performing?

*Question Reference Code: HW-R3-Q50*","Physical Tamper Loop Bypass.","Logic Analyzer Bus Interception.","Hardware Bus Hijacking.","Voltage Glitch Redirection.","Physical Tamper Loop Bypass.","Many secure microcontrollers have active tamper detection loops (wires or traces that must remain intact). Severing this trace or bypassing it with a low-resistance path bypasses physical chassis/enclosure intrusion alerts.","15"
"4","CAN bus Arbitration Priority (ID: 401)","### [R4] CAN bus Arbitration Priority (ID: 401)

[Industrial Control Systems (ICS) & Vehicle Bus Security]

You are attempting to prioritize a spoofed packet on a CAN network. Which of the following CAN Arbitration IDs has the HIGHEST priority on the bus?

*Question Reference Code: ICS-R4-Q1*","0x000","0x7FF","0x100","0x001","0x000","CAN uses dominant zeros. The lower the numerical value of the Arbitration ID, the more dominant bits it contains, allowing it to win arbitration over all higher IDs. Therefore, ID 0x000 has the absolute highest priority.","10"
"4","Modbus/TCP Function Code Poisoning (ID: 402)","### [R4] Modbus/TCP Function Code Poisoning (ID: 402)

[Industrial Control Systems (ICS) & Vehicle Bus Security]

You intercept network traffic directed to a Programmable Logic Controller (PLC) managing a coolant valve. What Modbus function code should you inject to force write a single discrete value to a physical output relay (coil)?

*Question Reference Code: ICS-R4-Q2*","Function Code 05 (Write Single Coil)","Function Code 01 (Read Coils)","Function Code 03 (Read Holding Registers)","Function Code 16 (Write Multiple Holding Registers)","Function Code 05 (Write Single Coil)","In the Modbus protocol, Function Code 05 is used to force/write a single output coil (relay) to either an ON or OFF state.","15"
"4","UDS SecurityAccess Session Hijack (ID: 403)","### [R4] UDS SecurityAccess Session Hijack (ID: 403)

[Industrial Control Systems (ICS) & Vehicle Bus Security]

Under the automotive ISO 14229 Unified Diagnostic Services (UDS) protocol, an ECU's `SecurityAccess` service (`0x27`) relies on a seed-key exchange. How does an attacker typically bypass this security validation on target ECUs?

*Question Reference Code: ICS-R4-Q3*","By reverse engineering the static cryptographic algorithm used to calculate keys from generated seeds.","By forcing a physical short on the CAN high line to clear key memory.","By brute-forcing all possible 64-bit keys using standard low-speed CAN frames.","By executing a buffer overflow on the OBD-II diagnostic gateway.","By reverse engineering the static cryptographic algorithm used to calculate keys from generated seeds.","UDS SecurityAccess usually relies on simple mathematical algorithms implemented in the ECU firmware. If the algorithm is weak or reverse-engineered from the firmware, an attacker can compute the correct key for any seed provided by the ECU.","20"
"4","PLC Ladder Logic Manipulation (ID: 404)","### [R4] PLC Ladder Logic Manipulation (ID: 404)

[Industrial Control Systems (ICS) & Vehicle Bus Security]

An attacker gains write access to a Siemens S7 PLC using unauthenticated RFC 1006 protocol packets. By injecting a modified block of ladder logic that bypasses the high-temperature safety shutdown contactor, what scenario is created?

*Question Reference Code: ICS-R4-Q4*","A physical destruction scenario where the system continues heating past structural safety limits (Stuxnet-style).","A direct remote shell access to the host engineering workstation.","An automated factory hardware lock that requires a manual chip swap.","A logical denial of service that prevents the PLC from booting entirely.","A physical destruction scenario where the system continues heating past structural safety limits (Stuxnet-style).","Manipulating active ladder logic allows attackers to bypass physical safety parameters. By overriding thermal limit sensors in software, an attacker can drive a physical system into catastrophic thermal failure.","25"
"4","Automotive SOME/IP Service Hijacking (ID: 405)","### [R4] Automotive SOME/IP Service Hijacking (ID: 405)

[Industrial Control Systems (ICS) & Vehicle Bus Security]

Modern autonomous vehicles use SOME/IP (Scalable service-Oriented MiddlewarE over IP) on Automotive Ethernet. If the SOME/IP service discovery protocol is active without IPSec or TLS, what exploit can be conducted?

*Question Reference Code: ICS-R4-Q5*","Service hijacking where an attacker offers a fake steering/braking service instance with a superior priority.","An automated extraction of the master key stored in the dashboard enclave.","A hardware injection attack that disables the physical CAN transceiver pins.","A physical GPS clock phase lock that freezes vehicle navigation.","Service hijacking where an attacker offers a fake steering/braking service instance with a superior priority.","Without network-layer encryption (IPsec) or transport-layer security (TLS), SOME/IP Service Discovery messages can be spoofed. An attacker can announce a rogue service provider, redirecting RPC steering calls to their own controller.","20"
"4","SCADA HMI Modbus Spoofing (ID: 406)","### [R4] SCADA HMI Modbus Spoofing (ID: 406)

[Industrial Control Systems (ICS) & Vehicle Bus Security]

During a CTF challenge, you aim to trick a SCADA Human-Machine Interface (HMI) screen into displaying a safe pressure reading while you simultaneously over-pressurize a physical tank. How do you execute this telemetry spoofing?

*Question Reference Code: ICS-R4-Q6*","By setting up an ARP spoofing attack between the HMI and the PLC, rewriting the Modbus Read response packets in transit.","By physically modifying the HMI screen's LCD driver circuitry.","By injecting high-voltage spikes on the PLC's analog input pin.","By locking the HMI out of the network using a Wi-Fi deauth flood.","By setting up an ARP spoofing attack between the HMI and the PLC, rewriting the Modbus Read response packets in transit.","Modbus/TCP is unencrypted. An attacker utilizing Man-in-the-Middle (via ARP spoofing) can intercept the HMI's read queries and return falsified values in the Modbus response packets, hiding the actual system state.","20"
"4","PROFINET DCP Reset Attack (ID: 407)","### [R4] PROFINET DCP Reset Attack (ID: 407)

[Industrial Control Systems (ICS) & Vehicle Bus Security]

The PROFINET Discovery and Basic Configuration Protocol (DCP) allows managing industrial devices over Ethernet. If an attacker transmits a raw PROFINET DCP frame with the command 'Reset to Factory Settings', what is the impact on active factory assembly lines?

*Question Reference Code: ICS-R4-Q7*","The targeted industrial device drops its IP address and configuration, immediately halting communication and stopping the line.","The physical PLC initiates a self-destruct cycle that burns out the capacitors.","The device's active firmware undergoes a secure rollback to the secure baseline.","The engineering workstation logs out of the session and locks the screen.","The targeted industrial device drops its IP address and configuration, immediately halting communication and stopping the line.","PROFINET DCP Reset commands are unauthenticated if network access is gained. Issuing a factory reset clears the device's IP and name configurations, breaking the automation cycle and immediately stopping the processes.","15"
"4","Automotive UDS Security Delay Bypass (ID: 408)","### [R4] Automotive UDS Security Delay Bypass (ID: 408)

[Industrial Control Systems (ICS) & Vehicle Bus Security]

Many automotive ECUs implement an anti-brute-force delay (e.g., 10 seconds) after entering an incorrect SecurityAccess key. How do reverse engineers bypass this timing delay physically?

*Question Reference Code: ICS-R4-Q8*","By resetting the ECU power (VCC glitch or power-cycle) to clear the running timer in volatile RAM.","By sending a standard diagnostic session change frame to clear the lock.","By flooding the CAN line with high-priority dominant frames.","By changing the OBD-II port baud rate dynamically.","By resetting the ECU power (VCC glitch or power-cycle) to clear the running timer in volatile RAM.","If the security lock timer is managed in volatile memory (SRAM) and not flushed to EEPROM, quickly power-cycling the ECU resets the counter/timer to zero, allowing immediate subsequent login attempts.","20"
"4","PLC Stop/Run Mode Attack (ID: 409)","### [R4] PLC Stop/Run Mode Attack (ID: 409)

[Industrial Control Systems (ICS) & Vehicle Bus Security]

An attacker sends a Siemens S7 Comm 'Stop CPU' control packet to a production PLC. What describes the immediate physical result?

*Question Reference Code: ICS-R4-Q9*","The PLC enters Stop mode, halting execution of all control logic, causing all outputs to drop to safe states (often de-energized).","The PLC continues executing logic but blocks diagnostic telemetry.","The physical motors run at maximum mechanical torque.","The SCADA HMI undergoes a hard lock and displays a blue screen.","The PLC enters Stop mode, halting execution of all control logic, causing all outputs to drop to safe states (often de-energized).","The S7 communication protocol contains administrative commands. Forcing the CPU into 'Stop' mode halts the execution of the user program (OB1), locking output registers and completely shutting down the physical automated processes.","15"
"4","Ethernet/IP CIP Session Hijacking (ID: 4010)","### [R4] Ethernet/IP CIP Session Hijacking (ID: 4010)

[Industrial Control Systems (ICS) & Vehicle Bus Security]

Industrial Ethernet/IP networks use the Common Industrial Protocol (CIP). Because standard CIP lacks authentication, what can an attacker achieve by sniffing a CIP session ID from active network traffic?

*Question Reference Code: ICS-R4-Q10*","They can forge CIP control commands (like starting/stopping motors) by injecting the valid Session ID in fake TCP packets.","They can decrypt the secure master keys stored in the PLC's secure enclave.","They can overwrite the PLC's bootloader over the internet.","They can trigger an automatic recovery erase of the PLC configuration.","They can forge CIP control commands (like starting/stopping motors) by injecting the valid Session ID in fake TCP packets.","CIP sessions rely solely on a 32-bit Session ID generated during connection establishment. Sniffing this ID allows an attacker to inject arbitrary CIP packets that the PLC accepts as valid control instructions.","20"
"4","CAN bus Arbitration Priority (ID: 4011)","### [R4] CAN bus Arbitration Priority (ID: 4011)

[Industrial Control Systems (ICS) & Vehicle Bus Security]

You are attempting to prioritize a spoofed packet on a CAN network. Which of the following CAN Arbitration IDs has the HIGHEST priority on the bus?

*Question Reference Code: ICS-R4-Q11*","0x000","0x7FF","0x100","0x001","0x000","CAN uses dominant zeros. The lower the numerical value of the Arbitration ID, the more dominant bits it contains, allowing it to win arbitration over all higher IDs. Therefore, ID 0x000 has the absolute highest priority.","10"
"4","Modbus/TCP Function Code Poisoning (ID: 4012)","### [R4] Modbus/TCP Function Code Poisoning (ID: 4012)

[Industrial Control Systems (ICS) & Vehicle Bus Security]

You intercept network traffic directed to a Programmable Logic Controller (PLC) managing a coolant valve. What Modbus function code should you inject to force write a single discrete value to a physical output relay (coil)?

*Question Reference Code: ICS-R4-Q12*","Function Code 05 (Write Single Coil)","Function Code 01 (Read Coils)","Function Code 03 (Read Holding Registers)","Function Code 16 (Write Multiple Holding Registers)","Function Code 05 (Write Single Coil)","In the Modbus protocol, Function Code 05 is used to force/write a single output coil (relay) to either an ON or OFF state.","15"
"4","UDS SecurityAccess Session Hijack (ID: 4013)","### [R4] UDS SecurityAccess Session Hijack (ID: 4013)

[Industrial Control Systems (ICS) & Vehicle Bus Security]

Under the automotive ISO 14229 Unified Diagnostic Services (UDS) protocol, an ECU's `SecurityAccess` service (`0x27`) relies on a seed-key exchange. How does an attacker typically bypass this security validation on target ECUs?

*Question Reference Code: ICS-R4-Q13*","By reverse engineering the static cryptographic algorithm used to calculate keys from generated seeds.","By forcing a physical short on the CAN high line to clear key memory.","By brute-forcing all possible 64-bit keys using standard low-speed CAN frames.","By executing a buffer overflow on the OBD-II diagnostic gateway.","By reverse engineering the static cryptographic algorithm used to calculate keys from generated seeds.","UDS SecurityAccess usually relies on simple mathematical algorithms implemented in the ECU firmware. If the algorithm is weak or reverse-engineered from the firmware, an attacker can compute the correct key for any seed provided by the ECU.","20"
"4","PLC Ladder Logic Manipulation (ID: 4014)","### [R4] PLC Ladder Logic Manipulation (ID: 4014)

[Industrial Control Systems (ICS) & Vehicle Bus Security]

An attacker gains write access to a Siemens S7 PLC using unauthenticated RFC 1006 protocol packets. By injecting a modified block of ladder logic that bypasses the high-temperature safety shutdown contactor, what scenario is created?

*Question Reference Code: ICS-R4-Q14*","A physical destruction scenario where the system continues heating past structural safety limits (Stuxnet-style).","A direct remote shell access to the host engineering workstation.","An automated factory hardware lock that requires a manual chip swap.","A logical denial of service that prevents the PLC from booting entirely.","A physical destruction scenario where the system continues heating past structural safety limits (Stuxnet-style).","Manipulating active ladder logic allows attackers to bypass physical safety parameters. By overriding thermal limit sensors in software, an attacker can drive a physical system into catastrophic thermal failure.","25"
"4","Automotive SOME/IP Service Hijacking (ID: 4015)","### [R4] Automotive SOME/IP Service Hijacking (ID: 4015)

[Industrial Control Systems (ICS) & Vehicle Bus Security]

Modern autonomous vehicles use SOME/IP (Scalable service-Oriented MiddlewarE over IP) on Automotive Ethernet. If the SOME/IP service discovery protocol is active without IPSec or TLS, what exploit can be conducted?

*Question Reference Code: ICS-R4-Q15*","Service hijacking where an attacker offers a fake steering/braking service instance with a superior priority.","An automated extraction of the master key stored in the dashboard enclave.","A hardware injection attack that disables the physical CAN transceiver pins.","A physical GPS clock phase lock that freezes vehicle navigation.","Service hijacking where an attacker offers a fake steering/braking service instance with a superior priority.","Without network-layer encryption (IPsec) or transport-layer security (TLS), SOME/IP Service Discovery messages can be spoofed. An attacker can announce a rogue service provider, redirecting RPC steering calls to their own controller.","20"
"4","SCADA HMI Modbus Spoofing (ID: 4016)","### [R4] SCADA HMI Modbus Spoofing (ID: 4016)

[Industrial Control Systems (ICS) & Vehicle Bus Security]

During a CTF challenge, you aim to trick a SCADA Human-Machine Interface (HMI) screen into displaying a safe pressure reading while you simultaneously over-pressurize a physical tank. How do you execute this telemetry spoofing?

*Question Reference Code: ICS-R4-Q16*","By setting up an ARP spoofing attack between the HMI and the PLC, rewriting the Modbus Read response packets in transit.","By physically modifying the HMI screen's LCD driver circuitry.","By injecting high-voltage spikes on the PLC's analog input pin.","By locking the HMI out of the network using a Wi-Fi deauth flood.","By setting up an ARP spoofing attack between the HMI and the PLC, rewriting the Modbus Read response packets in transit.","Modbus/TCP is unencrypted. An attacker utilizing Man-in-the-Middle (via ARP spoofing) can intercept the HMI's read queries and return falsified values in the Modbus response packets, hiding the actual system state.","20"
"4","PROFINET DCP Reset Attack (ID: 4017)","### [R4] PROFINET DCP Reset Attack (ID: 4017)

[Industrial Control Systems (ICS) & Vehicle Bus Security]

The PROFINET Discovery and Basic Configuration Protocol (DCP) allows managing industrial devices over Ethernet. If an attacker transmits a raw PROFINET DCP frame with the command 'Reset to Factory Settings', what is the impact on active factory assembly lines?

*Question Reference Code: ICS-R4-Q17*","The targeted industrial device drops its IP address and configuration, immediately halting communication and stopping the line.","The physical PLC initiates a self-destruct cycle that burns out the capacitors.","The device's active firmware undergoes a secure rollback to the secure baseline.","The engineering workstation logs out of the session and locks the screen.","The targeted industrial device drops its IP address and configuration, immediately halting communication and stopping the line.","PROFINET DCP Reset commands are unauthenticated if network access is gained. Issuing a factory reset clears the device's IP and name configurations, breaking the automation cycle and immediately stopping the processes.","15"
"4","Automotive UDS Security Delay Bypass (ID: 4018)","### [R4] Automotive UDS Security Delay Bypass (ID: 4018)

[Industrial Control Systems (ICS) & Vehicle Bus Security]

Many automotive ECUs implement an anti-brute-force delay (e.g., 10 seconds) after entering an incorrect SecurityAccess key. How do reverse engineers bypass this timing delay physically?

*Question Reference Code: ICS-R4-Q18*","By resetting the ECU power (VCC glitch or power-cycle) to clear the running timer in volatile RAM.","By sending a standard diagnostic session change frame to clear the lock.","By flooding the CAN line with high-priority dominant frames.","By changing the OBD-II port baud rate dynamically.","By resetting the ECU power (VCC glitch or power-cycle) to clear the running timer in volatile RAM.","If the security lock timer is managed in volatile memory (SRAM) and not flushed to EEPROM, quickly power-cycling the ECU resets the counter/timer to zero, allowing immediate subsequent login attempts.","20"
"4","PLC Stop/Run Mode Attack (ID: 4019)","### [R4] PLC Stop/Run Mode Attack (ID: 4019)

[Industrial Control Systems (ICS) & Vehicle Bus Security]

An attacker sends a Siemens S7 Comm 'Stop CPU' control packet to a production PLC. What describes the immediate physical result?

*Question Reference Code: ICS-R4-Q19*","The PLC enters Stop mode, halting execution of all control logic, causing all outputs to drop to safe states (often de-energized).","The PLC continues executing logic but blocks diagnostic telemetry.","The physical motors run at maximum mechanical torque.","The SCADA HMI undergoes a hard lock and displays a blue screen.","The PLC enters Stop mode, halting execution of all control logic, causing all outputs to drop to safe states (often de-energized).","The S7 communication protocol contains administrative commands. Forcing the CPU into 'Stop' mode halts the execution of the user program (OB1), locking output registers and completely shutting down the physical automated processes.","15"
"4","Ethernet/IP CIP Session Hijacking (ID: 4020)","### [R4] Ethernet/IP CIP Session Hijacking (ID: 4020)

[Industrial Control Systems (ICS) & Vehicle Bus Security]

Industrial Ethernet/IP networks use the Common Industrial Protocol (CIP). Because standard CIP lacks authentication, what can an attacker achieve by sniffing a CIP session ID from active network traffic?

*Question Reference Code: ICS-R4-Q20*","They can forge CIP control commands (like starting/stopping motors) by injecting the valid Session ID in fake TCP packets.","They can decrypt the secure master keys stored in the PLC's secure enclave.","They can overwrite the PLC's bootloader over the internet.","They can trigger an automatic recovery erase of the PLC configuration.","They can forge CIP control commands (like starting/stopping motors) by injecting the valid Session ID in fake TCP packets.","CIP sessions rely solely on a 32-bit Session ID generated during connection establishment. Sniffing this ID allows an attacker to inject arbitrary CIP packets that the PLC accepts as valid control instructions.","20"
"4","CAN bus Arbitration Priority (ID: 4021)","### [R4] CAN bus Arbitration Priority (ID: 4021)

[Industrial Control Systems (ICS) & Vehicle Bus Security]

You are attempting to prioritize a spoofed packet on a CAN network. Which of the following CAN Arbitration IDs has the HIGHEST priority on the bus?

*Question Reference Code: ICS-R4-Q21*","0x000","0x7FF","0x100","0x001","0x000","CAN uses dominant zeros. The lower the numerical value of the Arbitration ID, the more dominant bits it contains, allowing it to win arbitration over all higher IDs. Therefore, ID 0x000 has the absolute highest priority.","10"
"4","Modbus/TCP Function Code Poisoning (ID: 4022)","### [R4] Modbus/TCP Function Code Poisoning (ID: 4022)

[Industrial Control Systems (ICS) & Vehicle Bus Security]

You intercept network traffic directed to a Programmable Logic Controller (PLC) managing a coolant valve. What Modbus function code should you inject to force write a single discrete value to a physical output relay (coil)?

*Question Reference Code: ICS-R4-Q22*","Function Code 05 (Write Single Coil)","Function Code 01 (Read Coils)","Function Code 03 (Read Holding Registers)","Function Code 16 (Write Multiple Holding Registers)","Function Code 05 (Write Single Coil)","In the Modbus protocol, Function Code 05 is used to force/write a single output coil (relay) to either an ON or OFF state.","15"
"4","UDS SecurityAccess Session Hijack (ID: 4023)","### [R4] UDS SecurityAccess Session Hijack (ID: 4023)

[Industrial Control Systems (ICS) & Vehicle Bus Security]

Under the automotive ISO 14229 Unified Diagnostic Services (UDS) protocol, an ECU's `SecurityAccess` service (`0x27`) relies on a seed-key exchange. How does an attacker typically bypass this security validation on target ECUs?

*Question Reference Code: ICS-R4-Q23*","By reverse engineering the static cryptographic algorithm used to calculate keys from generated seeds.","By forcing a physical short on the CAN high line to clear key memory.","By brute-forcing all possible 64-bit keys using standard low-speed CAN frames.","By executing a buffer overflow on the OBD-II diagnostic gateway.","By reverse engineering the static cryptographic algorithm used to calculate keys from generated seeds.","UDS SecurityAccess usually relies on simple mathematical algorithms implemented in the ECU firmware. If the algorithm is weak or reverse-engineered from the firmware, an attacker can compute the correct key for any seed provided by the ECU.","20"
"4","PLC Ladder Logic Manipulation (ID: 4024)","### [R4] PLC Ladder Logic Manipulation (ID: 4024)

[Industrial Control Systems (ICS) & Vehicle Bus Security]

An attacker gains write access to a Siemens S7 PLC using unauthenticated RFC 1006 protocol packets. By injecting a modified block of ladder logic that bypasses the high-temperature safety shutdown contactor, what scenario is created?

*Question Reference Code: ICS-R4-Q24*","A physical destruction scenario where the system continues heating past structural safety limits (Stuxnet-style).","A direct remote shell access to the host engineering workstation.","An automated factory hardware lock that requires a manual chip swap.","A logical denial of service that prevents the PLC from booting entirely.","A physical destruction scenario where the system continues heating past structural safety limits (Stuxnet-style).","Manipulating active ladder logic allows attackers to bypass physical safety parameters. By overriding thermal limit sensors in software, an attacker can drive a physical system into catastrophic thermal failure.","25"
"4","Automotive SOME/IP Service Hijacking (ID: 4025)","### [R4] Automotive SOME/IP Service Hijacking (ID: 4025)

[Industrial Control Systems (ICS) & Vehicle Bus Security]

Modern autonomous vehicles use SOME/IP (Scalable service-Oriented MiddlewarE over IP) on Automotive Ethernet. If the SOME/IP service discovery protocol is active without IPSec or TLS, what exploit can be conducted?

*Question Reference Code: ICS-R4-Q25*","Service hijacking where an attacker offers a fake steering/braking service instance with a superior priority.","An automated extraction of the master key stored in the dashboard enclave.","A hardware injection attack that disables the physical CAN transceiver pins.","A physical GPS clock phase lock that freezes vehicle navigation.","Service hijacking where an attacker offers a fake steering/braking service instance with a superior priority.","Without network-layer encryption (IPsec) or transport-layer security (TLS), SOME/IP Service Discovery messages can be spoofed. An attacker can announce a rogue service provider, redirecting RPC steering calls to their own controller.","20"
"4","SCADA HMI Modbus Spoofing (ID: 4026)","### [R4] SCADA HMI Modbus Spoofing (ID: 4026)

[Industrial Control Systems (ICS) & Vehicle Bus Security]

During a CTF challenge, you aim to trick a SCADA Human-Machine Interface (HMI) screen into displaying a safe pressure reading while you simultaneously over-pressurize a physical tank. How do you execute this telemetry spoofing?

*Question Reference Code: ICS-R4-Q26*","By setting up an ARP spoofing attack between the HMI and the PLC, rewriting the Modbus Read response packets in transit.","By physically modifying the HMI screen's LCD driver circuitry.","By injecting high-voltage spikes on the PLC's analog input pin.","By locking the HMI out of the network using a Wi-Fi deauth flood.","By setting up an ARP spoofing attack between the HMI and the PLC, rewriting the Modbus Read response packets in transit.","Modbus/TCP is unencrypted. An attacker utilizing Man-in-the-Middle (via ARP spoofing) can intercept the HMI's read queries and return falsified values in the Modbus response packets, hiding the actual system state.","20"
"4","PROFINET DCP Reset Attack (ID: 4027)","### [R4] PROFINET DCP Reset Attack (ID: 4027)

[Industrial Control Systems (ICS) & Vehicle Bus Security]

The PROFINET Discovery and Basic Configuration Protocol (DCP) allows managing industrial devices over Ethernet. If an attacker transmits a raw PROFINET DCP frame with the command 'Reset to Factory Settings', what is the impact on active factory assembly lines?

*Question Reference Code: ICS-R4-Q27*","The targeted industrial device drops its IP address and configuration, immediately halting communication and stopping the line.","The physical PLC initiates a self-destruct cycle that burns out the capacitors.","The device's active firmware undergoes a secure rollback to the secure baseline.","The engineering workstation logs out of the session and locks the screen.","The targeted industrial device drops its IP address and configuration, immediately halting communication and stopping the line.","PROFINET DCP Reset commands are unauthenticated if network access is gained. Issuing a factory reset clears the device's IP and name configurations, breaking the automation cycle and immediately stopping the processes.","15"
"4","Automotive UDS Security Delay Bypass (ID: 4028)","### [R4] Automotive UDS Security Delay Bypass (ID: 4028)

[Industrial Control Systems (ICS) & Vehicle Bus Security]

Many automotive ECUs implement an anti-brute-force delay (e.g., 10 seconds) after entering an incorrect SecurityAccess key. How do reverse engineers bypass this timing delay physically?

*Question Reference Code: ICS-R4-Q28*","By resetting the ECU power (VCC glitch or power-cycle) to clear the running timer in volatile RAM.","By sending a standard diagnostic session change frame to clear the lock.","By flooding the CAN line with high-priority dominant frames.","By changing the OBD-II port baud rate dynamically.","By resetting the ECU power (VCC glitch or power-cycle) to clear the running timer in volatile RAM.","If the security lock timer is managed in volatile memory (SRAM) and not flushed to EEPROM, quickly power-cycling the ECU resets the counter/timer to zero, allowing immediate subsequent login attempts.","20"
"4","PLC Stop/Run Mode Attack (ID: 4029)","### [R4] PLC Stop/Run Mode Attack (ID: 4029)

[Industrial Control Systems (ICS) & Vehicle Bus Security]

An attacker sends a Siemens S7 Comm 'Stop CPU' control packet to a production PLC. What describes the immediate physical result?

*Question Reference Code: ICS-R4-Q29*","The PLC enters Stop mode, halting execution of all control logic, causing all outputs to drop to safe states (often de-energized).","The PLC continues executing logic but blocks diagnostic telemetry.","The physical motors run at maximum mechanical torque.","The SCADA HMI undergoes a hard lock and displays a blue screen.","The PLC enters Stop mode, halting execution of all control logic, causing all outputs to drop to safe states (often de-energized).","The S7 communication protocol contains administrative commands. Forcing the CPU into 'Stop' mode halts the execution of the user program (OB1), locking output registers and completely shutting down the physical automated processes.","15"
"4","Ethernet/IP CIP Session Hijacking (ID: 4030)","### [R4] Ethernet/IP CIP Session Hijacking (ID: 4030)

[Industrial Control Systems (ICS) & Vehicle Bus Security]

Industrial Ethernet/IP networks use the Common Industrial Protocol (CIP). Because standard CIP lacks authentication, what can an attacker achieve by sniffing a CIP session ID from active network traffic?

*Question Reference Code: ICS-R4-Q30*","They can forge CIP control commands (like starting/stopping motors) by injecting the valid Session ID in fake TCP packets.","They can decrypt the secure master keys stored in the PLC's secure enclave.","They can overwrite the PLC's bootloader over the internet.","They can trigger an automatic recovery erase of the PLC configuration.","They can forge CIP control commands (like starting/stopping motors) by injecting the valid Session ID in fake TCP packets.","CIP sessions rely solely on a 32-bit Session ID generated during connection establishment. Sniffing this ID allows an attacker to inject arbitrary CIP packets that the PLC accepts as valid control instructions.","20"
"4","CAN bus Arbitration Priority (ID: 4031)","### [R4] CAN bus Arbitration Priority (ID: 4031)

[Industrial Control Systems (ICS) & Vehicle Bus Security]

You are attempting to prioritize a spoofed packet on a CAN network. Which of the following CAN Arbitration IDs has the HIGHEST priority on the bus?

*Question Reference Code: ICS-R4-Q31*","0x000","0x7FF","0x100","0x001","0x000","CAN uses dominant zeros. The lower the numerical value of the Arbitration ID, the more dominant bits it contains, allowing it to win arbitration over all higher IDs. Therefore, ID 0x000 has the absolute highest priority.","10"
"4","Modbus/TCP Function Code Poisoning (ID: 4032)","### [R4] Modbus/TCP Function Code Poisoning (ID: 4032)

[Industrial Control Systems (ICS) & Vehicle Bus Security]

You intercept network traffic directed to a Programmable Logic Controller (PLC) managing a coolant valve. What Modbus function code should you inject to force write a single discrete value to a physical output relay (coil)?

*Question Reference Code: ICS-R4-Q32*","Function Code 05 (Write Single Coil)","Function Code 01 (Read Coils)","Function Code 03 (Read Holding Registers)","Function Code 16 (Write Multiple Holding Registers)","Function Code 05 (Write Single Coil)","In the Modbus protocol, Function Code 05 is used to force/write a single output coil (relay) to either an ON or OFF state.","15"
"4","UDS SecurityAccess Session Hijack (ID: 4033)","### [R4] UDS SecurityAccess Session Hijack (ID: 4033)

[Industrial Control Systems (ICS) & Vehicle Bus Security]

Under the automotive ISO 14229 Unified Diagnostic Services (UDS) protocol, an ECU's `SecurityAccess` service (`0x27`) relies on a seed-key exchange. How does an attacker typically bypass this security validation on target ECUs?

*Question Reference Code: ICS-R4-Q33*","By reverse engineering the static cryptographic algorithm used to calculate keys from generated seeds.","By forcing a physical short on the CAN high line to clear key memory.","By brute-forcing all possible 64-bit keys using standard low-speed CAN frames.","By executing a buffer overflow on the OBD-II diagnostic gateway.","By reverse engineering the static cryptographic algorithm used to calculate keys from generated seeds.","UDS SecurityAccess usually relies on simple mathematical algorithms implemented in the ECU firmware. If the algorithm is weak or reverse-engineered from the firmware, an attacker can compute the correct key for any seed provided by the ECU.","20"
"4","PLC Ladder Logic Manipulation (ID: 4034)","### [R4] PLC Ladder Logic Manipulation (ID: 4034)

[Industrial Control Systems (ICS) & Vehicle Bus Security]

An attacker gains write access to a Siemens S7 PLC using unauthenticated RFC 1006 protocol packets. By injecting a modified block of ladder logic that bypasses the high-temperature safety shutdown contactor, what scenario is created?

*Question Reference Code: ICS-R4-Q34*","A physical destruction scenario where the system continues heating past structural safety limits (Stuxnet-style).","A direct remote shell access to the host engineering workstation.","An automated factory hardware lock that requires a manual chip swap.","A logical denial of service that prevents the PLC from booting entirely.","A physical destruction scenario where the system continues heating past structural safety limits (Stuxnet-style).","Manipulating active ladder logic allows attackers to bypass physical safety parameters. By overriding thermal limit sensors in software, an attacker can drive a physical system into catastrophic thermal failure.","25"
"4","Automotive SOME/IP Service Hijacking (ID: 4035)","### [R4] Automotive SOME/IP Service Hijacking (ID: 4035)

[Industrial Control Systems (ICS) & Vehicle Bus Security]

Modern autonomous vehicles use SOME/IP (Scalable service-Oriented MiddlewarE over IP) on Automotive Ethernet. If the SOME/IP service discovery protocol is active without IPSec or TLS, what exploit can be conducted?

*Question Reference Code: ICS-R4-Q35*","Service hijacking where an attacker offers a fake steering/braking service instance with a superior priority.","An automated extraction of the master key stored in the dashboard enclave.","A hardware injection attack that disables the physical CAN transceiver pins.","A physical GPS clock phase lock that freezes vehicle navigation.","Service hijacking where an attacker offers a fake steering/braking service instance with a superior priority.","Without network-layer encryption (IPsec) or transport-layer security (TLS), SOME/IP Service Discovery messages can be spoofed. An attacker can announce a rogue service provider, redirecting RPC steering calls to their own controller.","20"
"4","SCADA HMI Modbus Spoofing (ID: 4036)","### [R4] SCADA HMI Modbus Spoofing (ID: 4036)

[Industrial Control Systems (ICS) & Vehicle Bus Security]

During a CTF challenge, you aim to trick a SCADA Human-Machine Interface (HMI) screen into displaying a safe pressure reading while you simultaneously over-pressurize a physical tank. How do you execute this telemetry spoofing?

*Question Reference Code: ICS-R4-Q36*","By setting up an ARP spoofing attack between the HMI and the PLC, rewriting the Modbus Read response packets in transit.","By physically modifying the HMI screen's LCD driver circuitry.","By injecting high-voltage spikes on the PLC's analog input pin.","By locking the HMI out of the network using a Wi-Fi deauth flood.","By setting up an ARP spoofing attack between the HMI and the PLC, rewriting the Modbus Read response packets in transit.","Modbus/TCP is unencrypted. An attacker utilizing Man-in-the-Middle (via ARP spoofing) can intercept the HMI's read queries and return falsified values in the Modbus response packets, hiding the actual system state.","20"
"4","PROFINET DCP Reset Attack (ID: 4037)","### [R4] PROFINET DCP Reset Attack (ID: 4037)

[Industrial Control Systems (ICS) & Vehicle Bus Security]

The PROFINET Discovery and Basic Configuration Protocol (DCP) allows managing industrial devices over Ethernet. If an attacker transmits a raw PROFINET DCP frame with the command 'Reset to Factory Settings', what is the impact on active factory assembly lines?

*Question Reference Code: ICS-R4-Q37*","The targeted industrial device drops its IP address and configuration, immediately halting communication and stopping the line.","The physical PLC initiates a self-destruct cycle that burns out the capacitors.","The device's active firmware undergoes a secure rollback to the secure baseline.","The engineering workstation logs out of the session and locks the screen.","The targeted industrial device drops its IP address and configuration, immediately halting communication and stopping the line.","PROFINET DCP Reset commands are unauthenticated if network access is gained. Issuing a factory reset clears the device's IP and name configurations, breaking the automation cycle and immediately stopping the processes.","15"
"4","Automotive UDS Security Delay Bypass (ID: 4038)","### [R4] Automotive UDS Security Delay Bypass (ID: 4038)

[Industrial Control Systems (ICS) & Vehicle Bus Security]

Many automotive ECUs implement an anti-brute-force delay (e.g., 10 seconds) after entering an incorrect SecurityAccess key. How do reverse engineers bypass this timing delay physically?

*Question Reference Code: ICS-R4-Q38*","By resetting the ECU power (VCC glitch or power-cycle) to clear the running timer in volatile RAM.","By sending a standard diagnostic session change frame to clear the lock.","By flooding the CAN line with high-priority dominant frames.","By changing the OBD-II port baud rate dynamically.","By resetting the ECU power (VCC glitch or power-cycle) to clear the running timer in volatile RAM.","If the security lock timer is managed in volatile memory (SRAM) and not flushed to EEPROM, quickly power-cycling the ECU resets the counter/timer to zero, allowing immediate subsequent login attempts.","20"
"4","PLC Stop/Run Mode Attack (ID: 4039)","### [R4] PLC Stop/Run Mode Attack (ID: 4039)

[Industrial Control Systems (ICS) & Vehicle Bus Security]

An attacker sends a Siemens S7 Comm 'Stop CPU' control packet to a production PLC. What describes the immediate physical result?

*Question Reference Code: ICS-R4-Q39*","The PLC enters Stop mode, halting execution of all control logic, causing all outputs to drop to safe states (often de-energized).","The PLC continues executing logic but blocks diagnostic telemetry.","The physical motors run at maximum mechanical torque.","The SCADA HMI undergoes a hard lock and displays a blue screen.","The PLC enters Stop mode, halting execution of all control logic, causing all outputs to drop to safe states (often de-energized).","The S7 communication protocol contains administrative commands. Forcing the CPU into 'Stop' mode halts the execution of the user program (OB1), locking output registers and completely shutting down the physical automated processes.","15"
"4","Ethernet/IP CIP Session Hijacking (ID: 4040)","### [R4] Ethernet/IP CIP Session Hijacking (ID: 4040)

[Industrial Control Systems (ICS) & Vehicle Bus Security]

Industrial Ethernet/IP networks use the Common Industrial Protocol (CIP). Because standard CIP lacks authentication, what can an attacker achieve by sniffing a CIP session ID from active network traffic?

*Question Reference Code: ICS-R4-Q40*","They can forge CIP control commands (like starting/stopping motors) by injecting the valid Session ID in fake TCP packets.","They can decrypt the secure master keys stored in the PLC's secure enclave.","They can overwrite the PLC's bootloader over the internet.","They can trigger an automatic recovery erase of the PLC configuration.","They can forge CIP control commands (like starting/stopping motors) by injecting the valid Session ID in fake TCP packets.","CIP sessions rely solely on a 32-bit Session ID generated during connection establishment. Sniffing this ID allows an attacker to inject arbitrary CIP packets that the PLC accepts as valid control instructions.","20"
"4","CAN bus Arbitration Priority (ID: 4041)","### [R4] CAN bus Arbitration Priority (ID: 4041)

[Industrial Control Systems (ICS) & Vehicle Bus Security]

You are attempting to prioritize a spoofed packet on a CAN network. Which of the following CAN Arbitration IDs has the HIGHEST priority on the bus?

*Question Reference Code: ICS-R4-Q41*","0x000","0x7FF","0x100","0x001","0x000","CAN uses dominant zeros. The lower the numerical value of the Arbitration ID, the more dominant bits it contains, allowing it to win arbitration over all higher IDs. Therefore, ID 0x000 has the absolute highest priority.","10"
"4","Modbus/TCP Function Code Poisoning (ID: 4042)","### [R4] Modbus/TCP Function Code Poisoning (ID: 4042)

[Industrial Control Systems (ICS) & Vehicle Bus Security]

You intercept network traffic directed to a Programmable Logic Controller (PLC) managing a coolant valve. What Modbus function code should you inject to force write a single discrete value to a physical output relay (coil)?

*Question Reference Code: ICS-R4-Q42*","Function Code 05 (Write Single Coil)","Function Code 01 (Read Coils)","Function Code 03 (Read Holding Registers)","Function Code 16 (Write Multiple Holding Registers)","Function Code 05 (Write Single Coil)","In the Modbus protocol, Function Code 05 is used to force/write a single output coil (relay) to either an ON or OFF state.","15"
"4","UDS SecurityAccess Session Hijack (ID: 4043)","### [R4] UDS SecurityAccess Session Hijack (ID: 4043)

[Industrial Control Systems (ICS) & Vehicle Bus Security]

Under the automotive ISO 14229 Unified Diagnostic Services (UDS) protocol, an ECU's `SecurityAccess` service (`0x27`) relies on a seed-key exchange. How does an attacker typically bypass this security validation on target ECUs?

*Question Reference Code: ICS-R4-Q43*","By reverse engineering the static cryptographic algorithm used to calculate keys from generated seeds.","By forcing a physical short on the CAN high line to clear key memory.","By brute-forcing all possible 64-bit keys using standard low-speed CAN frames.","By executing a buffer overflow on the OBD-II diagnostic gateway.","By reverse engineering the static cryptographic algorithm used to calculate keys from generated seeds.","UDS SecurityAccess usually relies on simple mathematical algorithms implemented in the ECU firmware. If the algorithm is weak or reverse-engineered from the firmware, an attacker can compute the correct key for any seed provided by the ECU.","20"
"4","PLC Ladder Logic Manipulation (ID: 4044)","### [R4] PLC Ladder Logic Manipulation (ID: 4044)

[Industrial Control Systems (ICS) & Vehicle Bus Security]

An attacker gains write access to a Siemens S7 PLC using unauthenticated RFC 1006 protocol packets. By injecting a modified block of ladder logic that bypasses the high-temperature safety shutdown contactor, what scenario is created?

*Question Reference Code: ICS-R4-Q44*","A physical destruction scenario where the system continues heating past structural safety limits (Stuxnet-style).","A direct remote shell access to the host engineering workstation.","An automated factory hardware lock that requires a manual chip swap.","A logical denial of service that prevents the PLC from booting entirely.","A physical destruction scenario where the system continues heating past structural safety limits (Stuxnet-style).","Manipulating active ladder logic allows attackers to bypass physical safety parameters. By overriding thermal limit sensors in software, an attacker can drive a physical system into catastrophic thermal failure.","25"
"4","Automotive SOME/IP Service Hijacking (ID: 4045)","### [R4] Automotive SOME/IP Service Hijacking (ID: 4045)

[Industrial Control Systems (ICS) & Vehicle Bus Security]

Modern autonomous vehicles use SOME/IP (Scalable service-Oriented MiddlewarE over IP) on Automotive Ethernet. If the SOME/IP service discovery protocol is active without IPSec or TLS, what exploit can be conducted?

*Question Reference Code: ICS-R4-Q45*","Service hijacking where an attacker offers a fake steering/braking service instance with a superior priority.","An automated extraction of the master key stored in the dashboard enclave.","A hardware injection attack that disables the physical CAN transceiver pins.","A physical GPS clock phase lock that freezes vehicle navigation.","Service hijacking where an attacker offers a fake steering/braking service instance with a superior priority.","Without network-layer encryption (IPsec) or transport-layer security (TLS), SOME/IP Service Discovery messages can be spoofed. An attacker can announce a rogue service provider, redirecting RPC steering calls to their own controller.","20"
"4","SCADA HMI Modbus Spoofing (ID: 4046)","### [R4] SCADA HMI Modbus Spoofing (ID: 4046)

[Industrial Control Systems (ICS) & Vehicle Bus Security]

During a CTF challenge, you aim to trick a SCADA Human-Machine Interface (HMI) screen into displaying a safe pressure reading while you simultaneously over-pressurize a physical tank. How do you execute this telemetry spoofing?

*Question Reference Code: ICS-R4-Q46*","By setting up an ARP spoofing attack between the HMI and the PLC, rewriting the Modbus Read response packets in transit.","By physically modifying the HMI screen's LCD driver circuitry.","By injecting high-voltage spikes on the PLC's analog input pin.","By locking the HMI out of the network using a Wi-Fi deauth flood.","By setting up an ARP spoofing attack between the HMI and the PLC, rewriting the Modbus Read response packets in transit.","Modbus/TCP is unencrypted. An attacker utilizing Man-in-the-Middle (via ARP spoofing) can intercept the HMI's read queries and return falsified values in the Modbus response packets, hiding the actual system state.","20"
"4","PROFINET DCP Reset Attack (ID: 4047)","### [R4] PROFINET DCP Reset Attack (ID: 4047)

[Industrial Control Systems (ICS) & Vehicle Bus Security]

The PROFINET Discovery and Basic Configuration Protocol (DCP) allows managing industrial devices over Ethernet. If an attacker transmits a raw PROFINET DCP frame with the command 'Reset to Factory Settings', what is the impact on active factory assembly lines?

*Question Reference Code: ICS-R4-Q47*","The targeted industrial device drops its IP address and configuration, immediately halting communication and stopping the line.","The physical PLC initiates a self-destruct cycle that burns out the capacitors.","The device's active firmware undergoes a secure rollback to the secure baseline.","The engineering workstation logs out of the session and locks the screen.","The targeted industrial device drops its IP address and configuration, immediately halting communication and stopping the line.","PROFINET DCP Reset commands are unauthenticated if network access is gained. Issuing a factory reset clears the device's IP and name configurations, breaking the automation cycle and immediately stopping the processes.","15"
"4","Automotive UDS Security Delay Bypass (ID: 4048)","### [R4] Automotive UDS Security Delay Bypass (ID: 4048)

[Industrial Control Systems (ICS) & Vehicle Bus Security]

Many automotive ECUs implement an anti-brute-force delay (e.g., 10 seconds) after entering an incorrect SecurityAccess key. How do reverse engineers bypass this timing delay physically?

*Question Reference Code: ICS-R4-Q48*","By resetting the ECU power (VCC glitch or power-cycle) to clear the running timer in volatile RAM.","By sending a standard diagnostic session change frame to clear the lock.","By flooding the CAN line with high-priority dominant frames.","By changing the OBD-II port baud rate dynamically.","By resetting the ECU power (VCC glitch or power-cycle) to clear the running timer in volatile RAM.","If the security lock timer is managed in volatile memory (SRAM) and not flushed to EEPROM, quickly power-cycling the ECU resets the counter/timer to zero, allowing immediate subsequent login attempts.","20"
"4","PLC Stop/Run Mode Attack (ID: 4049)","### [R4] PLC Stop/Run Mode Attack (ID: 4049)

[Industrial Control Systems (ICS) & Vehicle Bus Security]

An attacker sends a Siemens S7 Comm 'Stop CPU' control packet to a production PLC. What describes the immediate physical result?

*Question Reference Code: ICS-R4-Q49*","The PLC enters Stop mode, halting execution of all control logic, causing all outputs to drop to safe states (often de-energized).","The PLC continues executing logic but blocks diagnostic telemetry.","The physical motors run at maximum mechanical torque.","The SCADA HMI undergoes a hard lock and displays a blue screen.","The PLC enters Stop mode, halting execution of all control logic, causing all outputs to drop to safe states (often de-energized).","The S7 communication protocol contains administrative commands. Forcing the CPU into 'Stop' mode halts the execution of the user program (OB1), locking output registers and completely shutting down the physical automated processes.","15"
"4","Ethernet/IP CIP Session Hijacking (ID: 4050)","### [R4] Ethernet/IP CIP Session Hijacking (ID: 4050)

[Industrial Control Systems (ICS) & Vehicle Bus Security]

Industrial Ethernet/IP networks use the Common Industrial Protocol (CIP). Because standard CIP lacks authentication, what can an attacker achieve by sniffing a CIP session ID from active network traffic?

*Question Reference Code: ICS-R4-Q50*","They can forge CIP control commands (like starting/stopping motors) by injecting the valid Session ID in fake TCP packets.","They can decrypt the secure master keys stored in the PLC's secure enclave.","They can overwrite the PLC's bootloader over the internet.","They can trigger an automatic recovery erase of the PLC configuration.","They can forge CIP control commands (like starting/stopping motors) by injecting the valid Session ID in fake TCP packets.","CIP sessions rely solely on a 32-bit Session ID generated during connection establishment. Sniffing this ID allows an attacker to inject arbitrary CIP packets that the PLC accepts as valid control instructions.","20"
"5","PID Controller Integral Windup Attack (ID: 501)","### [R5] PID Controller Integral Windup Attack (ID: 501)

[Autonomous Logic, Control Loops, & AI/ML Exploitation]

An attacker intercepts and manipulates the encoder feedback packets sent to a drone's altitude PID controller. By injectively blocking motor command execution while spoofing a low altitude, they trigger 'Integral Windup'. When normal control is restored, what physical behavior occurs?

*Question Reference Code: AI-R5-Q1*","A massive control overshoot where the drone accelerates upward violently and uncontrollably.","The drone immediately stabilizes at its target altitude.","The PID derivative term becomes zero, causing slow sluggish movement.","The controller enters an infinite loop, freezing all motor outputs.","A massive control overshoot where the drone accelerates upward violently and uncontrollably.","Integral windup occurs when an error persists, causing the integral term of the PID loop to accumulate a huge value. When the physical constraints are removed, the massive accumulated integral value drives the motor command to saturation, causing extreme overshoot.","25"
"5","Kalman Filter Covariance Poisoning (ID: 502)","### [R5] Kalman Filter Covariance Poisoning (ID: 502)

[Autonomous Logic, Control Loops, & AI/ML Exploitation]

An autonomous rover uses an Extended Kalman Filter (EKF) to fuse LiDAR, IMU, and Wheel Odometry. If you inject subtle, coordinate-synchronized noise into the IMU data stream, how can you poison the filter state estimation?

*Question Reference Code: AI-R5-Q2*","By slowly shifting the estimated state while keeping the innovation vector below the chi-squared gating threshold.","By triggering an instant hard filter fault that forces the system into emergency stop mode.","By reversing the sign of the state transition matrix (F).","By zeroing out the measurement noise covariance matrix (R) dynamically.","By slowly shifting the estimated state while keeping the innovation vector below the chi-squared gating threshold.","Advanced state estimators use a chi-squared gate to reject outlier measurements (innovation test). Injecting noise that is small enough to pass this test on each step (but consistently biased) gradually drifts the EKF position estimate without triggering anomalies.","25"
"5","SLAM Loop Closure Poisoning (ID: 503)","### [R5] SLAM Loop Closure Poisoning (ID: 503)

[Autonomous Logic, Control Loops, & AI/ML Exploitation]

A mapping robot uses LiDAR-based SLAM (Simultaneous Localization and Mapping). You physically alter the appearance of a room the robot has already visited, injecting false visual landmarks. What is this SLAM exploit vector called?

*Question Reference Code: AI-R5-Q3*","Loop Closure Poisoning, distorting the map geometry and estimated trajectory.","Heuristic A* Path Blocking.","State Vector Transformation Evasion.","Adversarial LiDAR Dazzling.","Loop Closure Poisoning, distorting the map geometry and estimated trajectory.","SLAM systems optimize maps when they detect they've returned to a known location (Loop Closure). Tricking the robot into executing an erroneous loop closure introduces massive spatial distortions, ruining the map and path planning.","25"
"5","Reinforce Learning Reward Hacking (ID: 504)","### [R5] Reinforce Learning Reward Hacking (ID: 504)

[Autonomous Logic, Control Loops, & AI/ML Exploitation]

An autonomous manipulator arm is trained using Reinforcement Learning. If an attacker tampers with the reward calculation code in the simulation environment, changing the objective function to reward motor voltage reduction rather than task completion, what behavior will the arm adopt?

*Question Reference Code: AI-R5-Q4*","The arm will remain completely stationary (doing nothing) to minimize energy and maximize reward.","The arm will complete the task faster to save cumulative energy.","The arm will spin at maximum speed to generate internal current.","The arm will execute random chaotic motions due to neural decay.","The arm will remain completely stationary (doing nothing) to minimize energy and maximize reward.","This is a classic 'Reward Hacking' scenario in AI safety. If the reward function is modified to favor low voltage consumption over the physical goal, the agent will learn that standing still is the optimal strategy.","20"
"5","A* Path Planning Heuristic Tampering (ID: 505)","### [R5] A* Path Planning Heuristic Tampering (ID: 505)

[Autonomous Logic, Control Loops, & AI/ML Exploitation]

An attacker injects code into an AGV's navigation stack, modifying the A* algorithm's heuristic calculation from admissible `h(n)` to an inadmissible overestimating heuristic `h'(n)`. What is the impact on path generation?

*Question Reference Code: AI-R5-Q5*","The algorithm is no longer guaranteed to find the shortest path, leading to suboptimal navigation routes.","The path planner will crash instantly due to integer division by zero.","The AGV will only travel in perfect straight grid lines.","The search space expands exponentially, causing the main system to run out of RAM.","The algorithm is no longer guaranteed to find the shortest path, leading to suboptimal navigation routes.","For A* to guarantee the mathematically optimal shortest path, the heuristic function must be 'admissible' (never overestimating the actual cost to the goal). Tampering with it to overestimate cost breaks the optimality guarantee.","20"
"5","Neural Network Adversarial Patch (Digital Evasion) (ID: 506)","### [R5] Neural Network Adversarial Patch (Digital Evasion) (ID: 506)

[Autonomous Logic, Control Loops, & AI/ML Exploitation]

In a digital adversarial attack against a drone's optical landing target detector, what is the mathematical goal of the gradient-based input optimization?

*Question Reference Code: AI-R5-Q6*","To find the smallest input pixel perturbation that maximizes the target loss function, causing a classification failure.","To permanently physically burn out the secure fuse registers.","To rewrite the weights inside the neural network model file.","To cause an overflow in the microcontroller's floating-point unit.","To find the smallest input pixel perturbation that maximizes the target loss function, causing a classification failure.","Adversarial evasion optimizes the input pixels (e.g., using Fast Gradient Sign Method) to push the image across the model's decision boundary, maximizing classification loss while remaining virtually imperceptible to humans.","20"
"5","Kalman Filter Innovation Vector Gating (ID: 507)","### [R5] Kalman Filter Innovation Vector Gating (ID: 507)

[Autonomous Logic, Control Loops, & AI/ML Exploitation]

A sensor fusion system rejects GPS spoofing packets if the innovation vector exceeds a threshold. What does the 'innovation vector' represent mathematically in a Kalman Filter?

*Question Reference Code: AI-R5-Q7*","The difference between the actual sensor measurement and the predicted sensor measurement.","The derivative of the state covariance matrix over time.","The ratio of the measurement noise to process noise.","The inverse of the control input matrix.","The difference between the actual sensor measurement and the predicted sensor measurement.","The innovation (or measurement residual) is the difference between the observed measurement and the predicted measurement from the filter's state transition model. High innovation indicates an anomalous sensor input.","20"
"5","Model Poisoning Backdoor Attack (ID: 508)","### [R5] Model Poisoning Backdoor Attack (ID: 508)

[Autonomous Logic, Control Loops, & AI/ML Exploitation]

An attacker introduces malicious training samples (e.g., speed limit signs with a small blue sticker) into the dataset used to train a robotic visual model. This is known as what class of AI attack?

*Question Reference Code: AI-R5-Q8*","Model Poisoning / Backdoor Attack.","Adversarial Evasion Attack.","Model Inversion Attack.","Dataset Extraction Evasion.","Model Poisoning / Backdoor Attack.","A backdoor attack trains the model to associate a specific 'trigger' (like a blue sticker) with an incorrect output class, while maintaining normal behavior on inputs lacking the trigger.","20"
"5","Consensus Protocol Disruption (Swarm Robotics) (ID: 509)","### [R5] Consensus Protocol Disruption (Swarm Robotics) (ID: 509)

[Autonomous Logic, Control Loops, & AI/ML Exploitation]

A swarm of autonomous drones uses a consensus algorithm (e.g., Average Consensus) to synchronize headings. If a single compromised drone continuously broadcasts a heading of `360 degrees` regardless of peer telemetry, what type of attacker node is this?

*Question Reference Code: AI-R5-Q9*","A Byzantine Node, attempting to disrupt group consensus.","A Sybil Node, generating duplicate virtual identities.","A Sniffer Node, collecting passive signals.","A Jammer Node, emitting RF white noise.","A Byzantine Node, attempting to disrupt group consensus.","In distributed consensus, a Byzantine node is one that behaves arbitrarily or maliciously (transmitting false data, contrasting values to different peers). This tests the system's Byzantine Fault Tolerance.","15"
"5","Trajectory Tracking Integral Saturation (ID: 5010)","### [R5] Trajectory Tracking Integral Saturation (ID: 5010)

[Autonomous Logic, Control Loops, & AI/ML Exploitation]

In vehicular trajectory tracking, how do engineers safeguard PID control loops against Integral Windup during physical actuator saturation?

*Question Reference Code: AI-R5-Q10*","By implementing anti-windup clamping (stopping integration when the actuator saturates).","By doubling the proportional gain (Kp) dynamically.","By disabling the derivative term (Kd) entirely.","By restarting the controller's CPU on every step.","By implementing anti-windup clamping (stopping integration when the actuator saturates).","Clamping stops the accumulator from adding to the integral error once the command output has hit the hardware's maximum physical limits (actuator saturation), avoiding windup overshoot.","15"
"5","PID Controller Integral Windup Attack (ID: 5011)","### [R5] PID Controller Integral Windup Attack (ID: 5011)

[Autonomous Logic, Control Loops, & AI/ML Exploitation]

An attacker intercepts and manipulates the encoder feedback packets sent to a drone's altitude PID controller. By injectively blocking motor command execution while spoofing a low altitude, they trigger 'Integral Windup'. When normal control is restored, what physical behavior occurs?

*Question Reference Code: AI-R5-Q11*","A massive control overshoot where the drone accelerates upward violently and uncontrollably.","The drone immediately stabilizes at its target altitude.","The PID derivative term becomes zero, causing slow sluggish movement.","The controller enters an infinite loop, freezing all motor outputs.","A massive control overshoot where the drone accelerates upward violently and uncontrollably.","Integral windup occurs when an error persists, causing the integral term of the PID loop to accumulate a huge value. When the physical constraints are removed, the massive accumulated integral value drives the motor command to saturation, causing extreme overshoot.","25"
"5","Kalman Filter Covariance Poisoning (ID: 5012)","### [R5] Kalman Filter Covariance Poisoning (ID: 5012)

[Autonomous Logic, Control Loops, & AI/ML Exploitation]

An autonomous rover uses an Extended Kalman Filter (EKF) to fuse LiDAR, IMU, and Wheel Odometry. If you inject subtle, coordinate-synchronized noise into the IMU data stream, how can you poison the filter state estimation?

*Question Reference Code: AI-R5-Q12*","By slowly shifting the estimated state while keeping the innovation vector below the chi-squared gating threshold.","By triggering an instant hard filter fault that forces the system into emergency stop mode.","By reversing the sign of the state transition matrix (F).","By zeroing out the measurement noise covariance matrix (R) dynamically.","By slowly shifting the estimated state while keeping the innovation vector below the chi-squared gating threshold.","Advanced state estimators use a chi-squared gate to reject outlier measurements (innovation test). Injecting noise that is small enough to pass this test on each step (but consistently biased) gradually drifts the EKF position estimate without triggering anomalies.","25"
"5","SLAM Loop Closure Poisoning (ID: 5013)","### [R5] SLAM Loop Closure Poisoning (ID: 5013)

[Autonomous Logic, Control Loops, & AI/ML Exploitation]

A mapping robot uses LiDAR-based SLAM (Simultaneous Localization and Mapping). You physically alter the appearance of a room the robot has already visited, injecting false visual landmarks. What is this SLAM exploit vector called?

*Question Reference Code: AI-R5-Q13*","Loop Closure Poisoning, distorting the map geometry and estimated trajectory.","Heuristic A* Path Blocking.","State Vector Transformation Evasion.","Adversarial LiDAR Dazzling.","Loop Closure Poisoning, distorting the map geometry and estimated trajectory.","SLAM systems optimize maps when they detect they've returned to a known location (Loop Closure). Tricking the robot into executing an erroneous loop closure introduces massive spatial distortions, ruining the map and path planning.","25"
"5","Reinforce Learning Reward Hacking (ID: 5014)","### [R5] Reinforce Learning Reward Hacking (ID: 5014)

[Autonomous Logic, Control Loops, & AI/ML Exploitation]

An autonomous manipulator arm is trained using Reinforcement Learning. If an attacker tampers with the reward calculation code in the simulation environment, changing the objective function to reward motor voltage reduction rather than task completion, what behavior will the arm adopt?

*Question Reference Code: AI-R5-Q14*","The arm will remain completely stationary (doing nothing) to minimize energy and maximize reward.","The arm will complete the task faster to save cumulative energy.","The arm will spin at maximum speed to generate internal current.","The arm will execute random chaotic motions due to neural decay.","The arm will remain completely stationary (doing nothing) to minimize energy and maximize reward.","This is a classic 'Reward Hacking' scenario in AI safety. If the reward function is modified to favor low voltage consumption over the physical goal, the agent will learn that standing still is the optimal strategy.","20"
"5","A* Path Planning Heuristic Tampering (ID: 5015)","### [R5] A* Path Planning Heuristic Tampering (ID: 5015)

[Autonomous Logic, Control Loops, & AI/ML Exploitation]

An attacker injects code into an AGV's navigation stack, modifying the A* algorithm's heuristic calculation from admissible `h(n)` to an inadmissible overestimating heuristic `h'(n)`. What is the impact on path generation?

*Question Reference Code: AI-R5-Q15*","The algorithm is no longer guaranteed to find the shortest path, leading to suboptimal navigation routes.","The path planner will crash instantly due to integer division by zero.","The AGV will only travel in perfect straight grid lines.","The search space expands exponentially, causing the main system to run out of RAM.","The algorithm is no longer guaranteed to find the shortest path, leading to suboptimal navigation routes.","For A* to guarantee the mathematically optimal shortest path, the heuristic function must be 'admissible' (never overestimating the actual cost to the goal). Tampering with it to overestimate cost breaks the optimality guarantee.","20"
"5","Neural Network Adversarial Patch (Digital Evasion) (ID: 5016)","### [R5] Neural Network Adversarial Patch (Digital Evasion) (ID: 5016)

[Autonomous Logic, Control Loops, & AI/ML Exploitation]

In a digital adversarial attack against a drone's optical landing target detector, what is the mathematical goal of the gradient-based input optimization?

*Question Reference Code: AI-R5-Q16*","To find the smallest input pixel perturbation that maximizes the target loss function, causing a classification failure.","To permanently physically burn out the secure fuse registers.","To rewrite the weights inside the neural network model file.","To cause an overflow in the microcontroller's floating-point unit.","To find the smallest input pixel perturbation that maximizes the target loss function, causing a classification failure.","Adversarial evasion optimizes the input pixels (e.g., using Fast Gradient Sign Method) to push the image across the model's decision boundary, maximizing classification loss while remaining virtually imperceptible to humans.","20"
"5","Kalman Filter Innovation Vector Gating (ID: 5017)","### [R5] Kalman Filter Innovation Vector Gating (ID: 5017)

[Autonomous Logic, Control Loops, & AI/ML Exploitation]

A sensor fusion system rejects GPS spoofing packets if the innovation vector exceeds a threshold. What does the 'innovation vector' represent mathematically in a Kalman Filter?

*Question Reference Code: AI-R5-Q17*","The difference between the actual sensor measurement and the predicted sensor measurement.","The derivative of the state covariance matrix over time.","The ratio of the measurement noise to process noise.","The inverse of the control input matrix.","The difference between the actual sensor measurement and the predicted sensor measurement.","The innovation (or measurement residual) is the difference between the observed measurement and the predicted measurement from the filter's state transition model. High innovation indicates an anomalous sensor input.","20"
"5","Model Poisoning Backdoor Attack (ID: 5018)","### [R5] Model Poisoning Backdoor Attack (ID: 5018)

[Autonomous Logic, Control Loops, & AI/ML Exploitation]

An attacker introduces malicious training samples (e.g., speed limit signs with a small blue sticker) into the dataset used to train a robotic visual model. This is known as what class of AI attack?

*Question Reference Code: AI-R5-Q18*","Model Poisoning / Backdoor Attack.","Adversarial Evasion Attack.","Model Inversion Attack.","Dataset Extraction Evasion.","Model Poisoning / Backdoor Attack.","A backdoor attack trains the model to associate a specific 'trigger' (like a blue sticker) with an incorrect output class, while maintaining normal behavior on inputs lacking the trigger.","20"
"5","Consensus Protocol Disruption (Swarm Robotics) (ID: 5019)","### [R5] Consensus Protocol Disruption (Swarm Robotics) (ID: 5019)

[Autonomous Logic, Control Loops, & AI/ML Exploitation]

A swarm of autonomous drones uses a consensus algorithm (e.g., Average Consensus) to synchronize headings. If a single compromised drone continuously broadcasts a heading of `360 degrees` regardless of peer telemetry, what type of attacker node is this?

*Question Reference Code: AI-R5-Q19*","A Byzantine Node, attempting to disrupt group consensus.","A Sybil Node, generating duplicate virtual identities.","A Sniffer Node, collecting passive signals.","A Jammer Node, emitting RF white noise.","A Byzantine Node, attempting to disrupt group consensus.","In distributed consensus, a Byzantine node is one that behaves arbitrarily or maliciously (transmitting false data, contrasting values to different peers). This tests the system's Byzantine Fault Tolerance.","15"
"5","Trajectory Tracking Integral Saturation (ID: 5020)","### [R5] Trajectory Tracking Integral Saturation (ID: 5020)

[Autonomous Logic, Control Loops, & AI/ML Exploitation]

In vehicular trajectory tracking, how do engineers safeguard PID control loops against Integral Windup during physical actuator saturation?

*Question Reference Code: AI-R5-Q20*","By implementing anti-windup clamping (stopping integration when the actuator saturates).","By doubling the proportional gain (Kp) dynamically.","By disabling the derivative term (Kd) entirely.","By restarting the controller's CPU on every step.","By implementing anti-windup clamping (stopping integration when the actuator saturates).","Clamping stops the accumulator from adding to the integral error once the command output has hit the hardware's maximum physical limits (actuator saturation), avoiding windup overshoot.","15"
"5","PID Controller Integral Windup Attack (ID: 5021)","### [R5] PID Controller Integral Windup Attack (ID: 5021)

[Autonomous Logic, Control Loops, & AI/ML Exploitation]

An attacker intercepts and manipulates the encoder feedback packets sent to a drone's altitude PID controller. By injectively blocking motor command execution while spoofing a low altitude, they trigger 'Integral Windup'. When normal control is restored, what physical behavior occurs?

*Question Reference Code: AI-R5-Q21*","A massive control overshoot where the drone accelerates upward violently and uncontrollably.","The drone immediately stabilizes at its target altitude.","The PID derivative term becomes zero, causing slow sluggish movement.","The controller enters an infinite loop, freezing all motor outputs.","A massive control overshoot where the drone accelerates upward violently and uncontrollably.","Integral windup occurs when an error persists, causing the integral term of the PID loop to accumulate a huge value. When the physical constraints are removed, the massive accumulated integral value drives the motor command to saturation, causing extreme overshoot.","25"
"5","Kalman Filter Covariance Poisoning (ID: 5022)","### [R5] Kalman Filter Covariance Poisoning (ID: 5022)

[Autonomous Logic, Control Loops, & AI/ML Exploitation]

An autonomous rover uses an Extended Kalman Filter (EKF) to fuse LiDAR, IMU, and Wheel Odometry. If you inject subtle, coordinate-synchronized noise into the IMU data stream, how can you poison the filter state estimation?

*Question Reference Code: AI-R5-Q22*","By slowly shifting the estimated state while keeping the innovation vector below the chi-squared gating threshold.","By triggering an instant hard filter fault that forces the system into emergency stop mode.","By reversing the sign of the state transition matrix (F).","By zeroing out the measurement noise covariance matrix (R) dynamically.","By slowly shifting the estimated state while keeping the innovation vector below the chi-squared gating threshold.","Advanced state estimators use a chi-squared gate to reject outlier measurements (innovation test). Injecting noise that is small enough to pass this test on each step (but consistently biased) gradually drifts the EKF position estimate without triggering anomalies.","25"
"5","SLAM Loop Closure Poisoning (ID: 5023)","### [R5] SLAM Loop Closure Poisoning (ID: 5023)

[Autonomous Logic, Control Loops, & AI/ML Exploitation]

A mapping robot uses LiDAR-based SLAM (Simultaneous Localization and Mapping). You physically alter the appearance of a room the robot has already visited, injecting false visual landmarks. What is this SLAM exploit vector called?

*Question Reference Code: AI-R5-Q23*","Loop Closure Poisoning, distorting the map geometry and estimated trajectory.","Heuristic A* Path Blocking.","State Vector Transformation Evasion.","Adversarial LiDAR Dazzling.","Loop Closure Poisoning, distorting the map geometry and estimated trajectory.","SLAM systems optimize maps when they detect they've returned to a known location (Loop Closure). Tricking the robot into executing an erroneous loop closure introduces massive spatial distortions, ruining the map and path planning.","25"
"5","Reinforce Learning Reward Hacking (ID: 5024)","### [R5] Reinforce Learning Reward Hacking (ID: 5024)

[Autonomous Logic, Control Loops, & AI/ML Exploitation]

An autonomous manipulator arm is trained using Reinforcement Learning. If an attacker tampers with the reward calculation code in the simulation environment, changing the objective function to reward motor voltage reduction rather than task completion, what behavior will the arm adopt?

*Question Reference Code: AI-R5-Q24*","The arm will remain completely stationary (doing nothing) to minimize energy and maximize reward.","The arm will complete the task faster to save cumulative energy.","The arm will spin at maximum speed to generate internal current.","The arm will execute random chaotic motions due to neural decay.","The arm will remain completely stationary (doing nothing) to minimize energy and maximize reward.","This is a classic 'Reward Hacking' scenario in AI safety. If the reward function is modified to favor low voltage consumption over the physical goal, the agent will learn that standing still is the optimal strategy.","20"
"5","A* Path Planning Heuristic Tampering (ID: 5025)","### [R5] A* Path Planning Heuristic Tampering (ID: 5025)

[Autonomous Logic, Control Loops, & AI/ML Exploitation]

An attacker injects code into an AGV's navigation stack, modifying the A* algorithm's heuristic calculation from admissible `h(n)` to an inadmissible overestimating heuristic `h'(n)`. What is the impact on path generation?

*Question Reference Code: AI-R5-Q25*","The algorithm is no longer guaranteed to find the shortest path, leading to suboptimal navigation routes.","The path planner will crash instantly due to integer division by zero.","The AGV will only travel in perfect straight grid lines.","The search space expands exponentially, causing the main system to run out of RAM.","The algorithm is no longer guaranteed to find the shortest path, leading to suboptimal navigation routes.","For A* to guarantee the mathematically optimal shortest path, the heuristic function must be 'admissible' (never overestimating the actual cost to the goal). Tampering with it to overestimate cost breaks the optimality guarantee.","20"
"5","Neural Network Adversarial Patch (Digital Evasion) (ID: 5026)","### [R5] Neural Network Adversarial Patch (Digital Evasion) (ID: 5026)

[Autonomous Logic, Control Loops, & AI/ML Exploitation]

In a digital adversarial attack against a drone's optical landing target detector, what is the mathematical goal of the gradient-based input optimization?

*Question Reference Code: AI-R5-Q26*","To find the smallest input pixel perturbation that maximizes the target loss function, causing a classification failure.","To permanently physically burn out the secure fuse registers.","To rewrite the weights inside the neural network model file.","To cause an overflow in the microcontroller's floating-point unit.","To find the smallest input pixel perturbation that maximizes the target loss function, causing a classification failure.","Adversarial evasion optimizes the input pixels (e.g., using Fast Gradient Sign Method) to push the image across the model's decision boundary, maximizing classification loss while remaining virtually imperceptible to humans.","20"
"5","Kalman Filter Innovation Vector Gating (ID: 5027)","### [R5] Kalman Filter Innovation Vector Gating (ID: 5027)

[Autonomous Logic, Control Loops, & AI/ML Exploitation]

A sensor fusion system rejects GPS spoofing packets if the innovation vector exceeds a threshold. What does the 'innovation vector' represent mathematically in a Kalman Filter?

*Question Reference Code: AI-R5-Q27*","The difference between the actual sensor measurement and the predicted sensor measurement.","The derivative of the state covariance matrix over time.","The ratio of the measurement noise to process noise.","The inverse of the control input matrix.","The difference between the actual sensor measurement and the predicted sensor measurement.","The innovation (or measurement residual) is the difference between the observed measurement and the predicted measurement from the filter's state transition model. High innovation indicates an anomalous sensor input.","20"
"5","Model Poisoning Backdoor Attack (ID: 5028)","### [R5] Model Poisoning Backdoor Attack (ID: 5028)

[Autonomous Logic, Control Loops, & AI/ML Exploitation]

An attacker introduces malicious training samples (e.g., speed limit signs with a small blue sticker) into the dataset used to train a robotic visual model. This is known as what class of AI attack?

*Question Reference Code: AI-R5-Q28*","Model Poisoning / Backdoor Attack.","Adversarial Evasion Attack.","Model Inversion Attack.","Dataset Extraction Evasion.","Model Poisoning / Backdoor Attack.","A backdoor attack trains the model to associate a specific 'trigger' (like a blue sticker) with an incorrect output class, while maintaining normal behavior on inputs lacking the trigger.","20"
"5","Consensus Protocol Disruption (Swarm Robotics) (ID: 5029)","### [R5] Consensus Protocol Disruption (Swarm Robotics) (ID: 5029)

[Autonomous Logic, Control Loops, & AI/ML Exploitation]

A swarm of autonomous drones uses a consensus algorithm (e.g., Average Consensus) to synchronize headings. If a single compromised drone continuously broadcasts a heading of `360 degrees` regardless of peer telemetry, what type of attacker node is this?

*Question Reference Code: AI-R5-Q29*","A Byzantine Node, attempting to disrupt group consensus.","A Sybil Node, generating duplicate virtual identities.","A Sniffer Node, collecting passive signals.","A Jammer Node, emitting RF white noise.","A Byzantine Node, attempting to disrupt group consensus.","In distributed consensus, a Byzantine node is one that behaves arbitrarily or maliciously (transmitting false data, contrasting values to different peers). This tests the system's Byzantine Fault Tolerance.","15"
"5","Trajectory Tracking Integral Saturation (ID: 5030)","### [R5] Trajectory Tracking Integral Saturation (ID: 5030)

[Autonomous Logic, Control Loops, & AI/ML Exploitation]

In vehicular trajectory tracking, how do engineers safeguard PID control loops against Integral Windup during physical actuator saturation?

*Question Reference Code: AI-R5-Q30*","By implementing anti-windup clamping (stopping integration when the actuator saturates).","By doubling the proportional gain (Kp) dynamically.","By disabling the derivative term (Kd) entirely.","By restarting the controller's CPU on every step.","By implementing anti-windup clamping (stopping integration when the actuator saturates).","Clamping stops the accumulator from adding to the integral error once the command output has hit the hardware's maximum physical limits (actuator saturation), avoiding windup overshoot.","15"
"5","PID Controller Integral Windup Attack (ID: 5031)","### [R5] PID Controller Integral Windup Attack (ID: 5031)

[Autonomous Logic, Control Loops, & AI/ML Exploitation]

An attacker intercepts and manipulates the encoder feedback packets sent to a drone's altitude PID controller. By injectively blocking motor command execution while spoofing a low altitude, they trigger 'Integral Windup'. When normal control is restored, what physical behavior occurs?

*Question Reference Code: AI-R5-Q31*","A massive control overshoot where the drone accelerates upward violently and uncontrollably.","The drone immediately stabilizes at its target altitude.","The PID derivative term becomes zero, causing slow sluggish movement.","The controller enters an infinite loop, freezing all motor outputs.","A massive control overshoot where the drone accelerates upward violently and uncontrollably.","Integral windup occurs when an error persists, causing the integral term of the PID loop to accumulate a huge value. When the physical constraints are removed, the massive accumulated integral value drives the motor command to saturation, causing extreme overshoot.","25"
"5","Kalman Filter Covariance Poisoning (ID: 5032)","### [R5] Kalman Filter Covariance Poisoning (ID: 5032)

[Autonomous Logic, Control Loops, & AI/ML Exploitation]

An autonomous rover uses an Extended Kalman Filter (EKF) to fuse LiDAR, IMU, and Wheel Odometry. If you inject subtle, coordinate-synchronized noise into the IMU data stream, how can you poison the filter state estimation?

*Question Reference Code: AI-R5-Q32*","By slowly shifting the estimated state while keeping the innovation vector below the chi-squared gating threshold.","By triggering an instant hard filter fault that forces the system into emergency stop mode.","By reversing the sign of the state transition matrix (F).","By zeroing out the measurement noise covariance matrix (R) dynamically.","By slowly shifting the estimated state while keeping the innovation vector below the chi-squared gating threshold.","Advanced state estimators use a chi-squared gate to reject outlier measurements (innovation test). Injecting noise that is small enough to pass this test on each step (but consistently biased) gradually drifts the EKF position estimate without triggering anomalies.","25"
"5","SLAM Loop Closure Poisoning (ID: 5033)","### [R5] SLAM Loop Closure Poisoning (ID: 5033)

[Autonomous Logic, Control Loops, & AI/ML Exploitation]

A mapping robot uses LiDAR-based SLAM (Simultaneous Localization and Mapping). You physically alter the appearance of a room the robot has already visited, injecting false visual landmarks. What is this SLAM exploit vector called?

*Question Reference Code: AI-R5-Q33*","Loop Closure Poisoning, distorting the map geometry and estimated trajectory.","Heuristic A* Path Blocking.","State Vector Transformation Evasion.","Adversarial LiDAR Dazzling.","Loop Closure Poisoning, distorting the map geometry and estimated trajectory.","SLAM systems optimize maps when they detect they've returned to a known location (Loop Closure). Tricking the robot into executing an erroneous loop closure introduces massive spatial distortions, ruining the map and path planning.","25"
"5","Reinforce Learning Reward Hacking (ID: 5034)","### [R5] Reinforce Learning Reward Hacking (ID: 5034)

[Autonomous Logic, Control Loops, & AI/ML Exploitation]

An autonomous manipulator arm is trained using Reinforcement Learning. If an attacker tampers with the reward calculation code in the simulation environment, changing the objective function to reward motor voltage reduction rather than task completion, what behavior will the arm adopt?

*Question Reference Code: AI-R5-Q34*","The arm will remain completely stationary (doing nothing) to minimize energy and maximize reward.","The arm will complete the task faster to save cumulative energy.","The arm will spin at maximum speed to generate internal current.","The arm will execute random chaotic motions due to neural decay.","The arm will remain completely stationary (doing nothing) to minimize energy and maximize reward.","This is a classic 'Reward Hacking' scenario in AI safety. If the reward function is modified to favor low voltage consumption over the physical goal, the agent will learn that standing still is the optimal strategy.","20"
"5","A* Path Planning Heuristic Tampering (ID: 5035)","### [R5] A* Path Planning Heuristic Tampering (ID: 5035)

[Autonomous Logic, Control Loops, & AI/ML Exploitation]

An attacker injects code into an AGV's navigation stack, modifying the A* algorithm's heuristic calculation from admissible `h(n)` to an inadmissible overestimating heuristic `h'(n)`. What is the impact on path generation?

*Question Reference Code: AI-R5-Q35*","The algorithm is no longer guaranteed to find the shortest path, leading to suboptimal navigation routes.","The path planner will crash instantly due to integer division by zero.","The AGV will only travel in perfect straight grid lines.","The search space expands exponentially, causing the main system to run out of RAM.","The algorithm is no longer guaranteed to find the shortest path, leading to suboptimal navigation routes.","For A* to guarantee the mathematically optimal shortest path, the heuristic function must be 'admissible' (never overestimating the actual cost to the goal). Tampering with it to overestimate cost breaks the optimality guarantee.","20"
"5","Neural Network Adversarial Patch (Digital Evasion) (ID: 5036)","### [R5] Neural Network Adversarial Patch (Digital Evasion) (ID: 5036)

[Autonomous Logic, Control Loops, & AI/ML Exploitation]

In a digital adversarial attack against a drone's optical landing target detector, what is the mathematical goal of the gradient-based input optimization?

*Question Reference Code: AI-R5-Q36*","To find the smallest input pixel perturbation that maximizes the target loss function, causing a classification failure.","To permanently physically burn out the secure fuse registers.","To rewrite the weights inside the neural network model file.","To cause an overflow in the microcontroller's floating-point unit.","To find the smallest input pixel perturbation that maximizes the target loss function, causing a classification failure.","Adversarial evasion optimizes the input pixels (e.g., using Fast Gradient Sign Method) to push the image across the model's decision boundary, maximizing classification loss while remaining virtually imperceptible to humans.","20"
"5","Kalman Filter Innovation Vector Gating (ID: 5037)","### [R5] Kalman Filter Innovation Vector Gating (ID: 5037)

[Autonomous Logic, Control Loops, & AI/ML Exploitation]

A sensor fusion system rejects GPS spoofing packets if the innovation vector exceeds a threshold. What does the 'innovation vector' represent mathematically in a Kalman Filter?

*Question Reference Code: AI-R5-Q37*","The difference between the actual sensor measurement and the predicted sensor measurement.","The derivative of the state covariance matrix over time.","The ratio of the measurement noise to process noise.","The inverse of the control input matrix.","The difference between the actual sensor measurement and the predicted sensor measurement.","The innovation (or measurement residual) is the difference between the observed measurement and the predicted measurement from the filter's state transition model. High innovation indicates an anomalous sensor input.","20"
"5","Model Poisoning Backdoor Attack (ID: 5038)","### [R5] Model Poisoning Backdoor Attack (ID: 5038)

[Autonomous Logic, Control Loops, & AI/ML Exploitation]

An attacker introduces malicious training samples (e.g., speed limit signs with a small blue sticker) into the dataset used to train a robotic visual model. This is known as what class of AI attack?

*Question Reference Code: AI-R5-Q38*","Model Poisoning / Backdoor Attack.","Adversarial Evasion Attack.","Model Inversion Attack.","Dataset Extraction Evasion.","Model Poisoning / Backdoor Attack.","A backdoor attack trains the model to associate a specific 'trigger' (like a blue sticker) with an incorrect output class, while maintaining normal behavior on inputs lacking the trigger.","20"
"5","Consensus Protocol Disruption (Swarm Robotics) (ID: 5039)","### [R5] Consensus Protocol Disruption (Swarm Robotics) (ID: 5039)

[Autonomous Logic, Control Loops, & AI/ML Exploitation]

A swarm of autonomous drones uses a consensus algorithm (e.g., Average Consensus) to synchronize headings. If a single compromised drone continuously broadcasts a heading of `360 degrees` regardless of peer telemetry, what type of attacker node is this?

*Question Reference Code: AI-R5-Q39*","A Byzantine Node, attempting to disrupt group consensus.","A Sybil Node, generating duplicate virtual identities.","A Sniffer Node, collecting passive signals.","A Jammer Node, emitting RF white noise.","A Byzantine Node, attempting to disrupt group consensus.","In distributed consensus, a Byzantine node is one that behaves arbitrarily or maliciously (transmitting false data, contrasting values to different peers). This tests the system's Byzantine Fault Tolerance.","15"
"5","Trajectory Tracking Integral Saturation (ID: 5040)","### [R5] Trajectory Tracking Integral Saturation (ID: 5040)

[Autonomous Logic, Control Loops, & AI/ML Exploitation]

In vehicular trajectory tracking, how do engineers safeguard PID control loops against Integral Windup during physical actuator saturation?

*Question Reference Code: AI-R5-Q40*","By implementing anti-windup clamping (stopping integration when the actuator saturates).","By doubling the proportional gain (Kp) dynamically.","By disabling the derivative term (Kd) entirely.","By restarting the controller's CPU on every step.","By implementing anti-windup clamping (stopping integration when the actuator saturates).","Clamping stops the accumulator from adding to the integral error once the command output has hit the hardware's maximum physical limits (actuator saturation), avoiding windup overshoot.","15"
"5","PID Controller Integral Windup Attack (ID: 5041)","### [R5] PID Controller Integral Windup Attack (ID: 5041)

[Autonomous Logic, Control Loops, & AI/ML Exploitation]

An attacker intercepts and manipulates the encoder feedback packets sent to a drone's altitude PID controller. By injectively blocking motor command execution while spoofing a low altitude, they trigger 'Integral Windup'. When normal control is restored, what physical behavior occurs?

*Question Reference Code: AI-R5-Q41*","A massive control overshoot where the drone accelerates upward violently and uncontrollably.","The drone immediately stabilizes at its target altitude.","The PID derivative term becomes zero, causing slow sluggish movement.","The controller enters an infinite loop, freezing all motor outputs.","A massive control overshoot where the drone accelerates upward violently and uncontrollably.","Integral windup occurs when an error persists, causing the integral term of the PID loop to accumulate a huge value. When the physical constraints are removed, the massive accumulated integral value drives the motor command to saturation, causing extreme overshoot.","25"
"5","Kalman Filter Covariance Poisoning (ID: 5042)","### [R5] Kalman Filter Covariance Poisoning (ID: 5042)

[Autonomous Logic, Control Loops, & AI/ML Exploitation]

An autonomous rover uses an Extended Kalman Filter (EKF) to fuse LiDAR, IMU, and Wheel Odometry. If you inject subtle, coordinate-synchronized noise into the IMU data stream, how can you poison the filter state estimation?

*Question Reference Code: AI-R5-Q42*","By slowly shifting the estimated state while keeping the innovation vector below the chi-squared gating threshold.","By triggering an instant hard filter fault that forces the system into emergency stop mode.","By reversing the sign of the state transition matrix (F).","By zeroing out the measurement noise covariance matrix (R) dynamically.","By slowly shifting the estimated state while keeping the innovation vector below the chi-squared gating threshold.","Advanced state estimators use a chi-squared gate to reject outlier measurements (innovation test). Injecting noise that is small enough to pass this test on each step (but consistently biased) gradually drifts the EKF position estimate without triggering anomalies.","25"
"5","SLAM Loop Closure Poisoning (ID: 5043)","### [R5] SLAM Loop Closure Poisoning (ID: 5043)

[Autonomous Logic, Control Loops, & AI/ML Exploitation]

A mapping robot uses LiDAR-based SLAM (Simultaneous Localization and Mapping). You physically alter the appearance of a room the robot has already visited, injecting false visual landmarks. What is this SLAM exploit vector called?

*Question Reference Code: AI-R5-Q43*","Loop Closure Poisoning, distorting the map geometry and estimated trajectory.","Heuristic A* Path Blocking.","State Vector Transformation Evasion.","Adversarial LiDAR Dazzling.","Loop Closure Poisoning, distorting the map geometry and estimated trajectory.","SLAM systems optimize maps when they detect they've returned to a known location (Loop Closure). Tricking the robot into executing an erroneous loop closure introduces massive spatial distortions, ruining the map and path planning.","25"
"5","Reinforce Learning Reward Hacking (ID: 5044)","### [R5] Reinforce Learning Reward Hacking (ID: 5044)

[Autonomous Logic, Control Loops, & AI/ML Exploitation]

An autonomous manipulator arm is trained using Reinforcement Learning. If an attacker tampers with the reward calculation code in the simulation environment, changing the objective function to reward motor voltage reduction rather than task completion, what behavior will the arm adopt?

*Question Reference Code: AI-R5-Q44*","The arm will remain completely stationary (doing nothing) to minimize energy and maximize reward.","The arm will complete the task faster to save cumulative energy.","The arm will spin at maximum speed to generate internal current.","The arm will execute random chaotic motions due to neural decay.","The arm will remain completely stationary (doing nothing) to minimize energy and maximize reward.","This is a classic 'Reward Hacking' scenario in AI safety. If the reward function is modified to favor low voltage consumption over the physical goal, the agent will learn that standing still is the optimal strategy.","20"
"5","A* Path Planning Heuristic Tampering (ID: 5045)","### [R5] A* Path Planning Heuristic Tampering (ID: 5045)

[Autonomous Logic, Control Loops, & AI/ML Exploitation]

An attacker injects code into an AGV's navigation stack, modifying the A* algorithm's heuristic calculation from admissible `h(n)` to an inadmissible overestimating heuristic `h'(n)`. What is the impact on path generation?

*Question Reference Code: AI-R5-Q45*","The algorithm is no longer guaranteed to find the shortest path, leading to suboptimal navigation routes.","The path planner will crash instantly due to integer division by zero.","The AGV will only travel in perfect straight grid lines.","The search space expands exponentially, causing the main system to run out of RAM.","The algorithm is no longer guaranteed to find the shortest path, leading to suboptimal navigation routes.","For A* to guarantee the mathematically optimal shortest path, the heuristic function must be 'admissible' (never overestimating the actual cost to the goal). Tampering with it to overestimate cost breaks the optimality guarantee.","20"
"5","Neural Network Adversarial Patch (Digital Evasion) (ID: 5046)","### [R5] Neural Network Adversarial Patch (Digital Evasion) (ID: 5046)

[Autonomous Logic, Control Loops, & AI/ML Exploitation]

In a digital adversarial attack against a drone's optical landing target detector, what is the mathematical goal of the gradient-based input optimization?

*Question Reference Code: AI-R5-Q46*","To find the smallest input pixel perturbation that maximizes the target loss function, causing a classification failure.","To permanently physically burn out the secure fuse registers.","To rewrite the weights inside the neural network model file.","To cause an overflow in the microcontroller's floating-point unit.","To find the smallest input pixel perturbation that maximizes the target loss function, causing a classification failure.","Adversarial evasion optimizes the input pixels (e.g., using Fast Gradient Sign Method) to push the image across the model's decision boundary, maximizing classification loss while remaining virtually imperceptible to humans.","20"
"5","Kalman Filter Innovation Vector Gating (ID: 5047)","### [R5] Kalman Filter Innovation Vector Gating (ID: 5047)

[Autonomous Logic, Control Loops, & AI/ML Exploitation]

A sensor fusion system rejects GPS spoofing packets if the innovation vector exceeds a threshold. What does the 'innovation vector' represent mathematically in a Kalman Filter?

*Question Reference Code: AI-R5-Q47*","The difference between the actual sensor measurement and the predicted sensor measurement.","The derivative of the state covariance matrix over time.","The ratio of the measurement noise to process noise.","The inverse of the control input matrix.","The difference between the actual sensor measurement and the predicted sensor measurement.","The innovation (or measurement residual) is the difference between the observed measurement and the predicted measurement from the filter's state transition model. High innovation indicates an anomalous sensor input.","20"
"5","Model Poisoning Backdoor Attack (ID: 5048)","### [R5] Model Poisoning Backdoor Attack (ID: 5048)

[Autonomous Logic, Control Loops, & AI/ML Exploitation]

An attacker introduces malicious training samples (e.g., speed limit signs with a small blue sticker) into the dataset used to train a robotic visual model. This is known as what class of AI attack?

*Question Reference Code: AI-R5-Q48*","Model Poisoning / Backdoor Attack.","Adversarial Evasion Attack.","Model Inversion Attack.","Dataset Extraction Evasion.","Model Poisoning / Backdoor Attack.","A backdoor attack trains the model to associate a specific 'trigger' (like a blue sticker) with an incorrect output class, while maintaining normal behavior on inputs lacking the trigger.","20"
"5","Consensus Protocol Disruption (Swarm Robotics) (ID: 5049)","### [R5] Consensus Protocol Disruption (Swarm Robotics) (ID: 5049)

[Autonomous Logic, Control Loops, & AI/ML Exploitation]

A swarm of autonomous drones uses a consensus algorithm (e.g., Average Consensus) to synchronize headings. If a single compromised drone continuously broadcasts a heading of `360 degrees` regardless of peer telemetry, what type of attacker node is this?

*Question Reference Code: AI-R5-Q49*","A Byzantine Node, attempting to disrupt group consensus.","A Sybil Node, generating duplicate virtual identities.","A Sniffer Node, collecting passive signals.","A Jammer Node, emitting RF white noise.","A Byzantine Node, attempting to disrupt group consensus.","In distributed consensus, a Byzantine node is one that behaves arbitrarily or maliciously (transmitting false data, contrasting values to different peers). This tests the system's Byzantine Fault Tolerance.","15"
"5","Trajectory Tracking Integral Saturation (ID: 5050)","### [R5] Trajectory Tracking Integral Saturation (ID: 5050)

[Autonomous Logic, Control Loops, & AI/ML Exploitation]

In vehicular trajectory tracking, how do engineers safeguard PID control loops against Integral Windup during physical actuator saturation?

*Question Reference Code: AI-R5-Q50*","By implementing anti-windup clamping (stopping integration when the actuator saturates).","By doubling the proportional gain (Kp) dynamically.","By disabling the derivative term (Kd) entirely.","By restarting the controller's CPU on every step.","By implementing anti-windup clamping (stopping integration when the actuator saturates).","Clamping stops the accumulator from adding to the integral error once the command output has hit the hardware's maximum physical limits (actuator saturation), avoiding windup overshoot.","15"